,Transaction Details: ,American Express Cobalt® Card,,,,,,,,
,SANDRO SERYANI,01 Jan. 2025 - 16 Feb. 2026,,,,,,,,
,Account Number: XXX-32006,,,,,,,,,
,,,,,,,,,,
,,,,,,,,,,
,,,,,,,,,,
Summary,,,,Total,,,,,,
Charges & Adjustments,,,,"$23,489.25",,,,,,
Payments & Credits,,,,"$23,449.15",,,,,,
Total,,,,$40.10,,,,,,
,,,,,,,,,,
Date,Date Processed,Description,Cardmember,Amount,Foreign Spend Amount,Commission,Exchange Rate,Merchant,Merchant Address,Additional Information
14 Feb. 2026,14 Feb. 2026,PARK HYATT TORONTO F&B  TORONTO,SANDRO SERYANI,$406.69,,,,,,PARK HYATT TORONTO F&B  TORONTO
11 Feb. 2026,11 Feb. 2026,UBER EATS               HTTPS://HELP.UB,KARL SERYANI,$49.79,,,,,,UBER EATS               HTTPS://HELP.UB
07 Feb. 2026,07 Feb. 2026,EGGSTATIC - CONSUMERS 0 TORONTO,KARL SERYANI,$124.72,,,,,,EGGSTATIC - CONSUMERS 0 TORONTO
07 Feb. 2026,07 Feb. 2026,,-$67.37,,,,,,PAYMENT RECEIVED - THANK YOU,
01 Feb. 2026,01 Feb. 2026,TESLA MOTORS CANADA ULC TORONTO,MAYA FOUNEV,$11.73,,,,,,TESLA MOTORS CANADA ULC TORONTO
26 Jan. 2026,26 Jan. 2026,MEMBERSHIP FEE INSTALLMENT,SANDRO SERYANI,$12.99,,,,,,MEMBERSHIP FEE INSTALLMENT
18 Jan. 2026,18 Jan. 2026,TESLA MOTORS CANADA ULC TORONTO,MAYA FOUNEV,$15.81,,,,,,TESLA MOTORS CANADA ULC TORONTO
17 Jan. 2026,17 Jan. 2026,TESLA MOTORS CANADA ULC TORONTO,MAYA FOUNEV,$10.15,,,,,,TESLA MOTORS CANADA ULC TORONTO
17 Jan. 2026,17 Jan. 2026,TESLA MOTORS CANADA ULC TORONTO,MAYA FOUNEV,$16.69,,,,,,TESLA MOTORS CANADA ULC TORONTO
15 Jan. 2026,15 Jan. 2026,,-$226.20,,,,,,PAYMENT RECEIVED - THANK YOU,
11 Jan. 2026,11 Jan. 2026,O & B BLUE MOUNTAINS    TORONTO,SANDRO SERYANI,$226.20,,,,,,O & B BLUE MOUNTAINS    TORONTO
09 Jan. 2026,09 Jan. 2026,,-$265.24,,,,,,PAYMENT RECEIVED - THANK YOU,
03 Jan. 2026,03 Jan. 2026,TESLA MOTORS CANADA ULC TORONTO,MAYA FOUNEV,$32.13,,,,,,TESLA MOTORS CANADA ULC TORONTO
03 Jan. 2026,03 Jan. 2026,TOWN CRIER 001          TORONTO,KARL SERYANI,$135.15,,,,,,TOWN CRIER 001          TORONTO
26 Dec. 2025,26 Dec. 2025,MEMBERSHIP FEE INSTALLMENT,SANDRO SERYANI,$12.99,,,,,,MEMBERSHIP FEE INSTALLMENT
24 Dec. 2025,24 Dec. 2025,,-$15.81,,,,,,PAYMENT RECEIVED - THANK YOU,
24 Dec. 2025,24 Dec. 2025,PREQUEL                 TORONTO,KARL SERYANI,$54.66,,,,,,PREQUEL                 TORONTO
24 Dec. 2025,24 Dec. 2025,TESLA MOTORS CANADA ULC TORONTO,MAYA FOUNEV,$30.31,,,,,,TESLA MOTORS CANADA ULC TORONTO
18 Dec. 2025,18 Dec. 2025,TESLA MOTORS CANADA ULC TORONTO,MAYA FOUNEV,$15.81,,,,,,TESLA MOTORS CANADA ULC TORONTO
02 Dec. 2025,02 Dec. 2025,,-$557.53,,,,,,PAYMENT RECEIVED - THANK YOU,
29 Nov. 2025,29 Nov. 2025,AMAZON.CA*BB2XR35Q2     866-216-1072,SANDRO SERYANI,$27.10,,,,,,AMAZON.CA*BB2XR35Q2     866-216-1072
29 Nov. 2025,29 Nov. 2025,MCDONALD'S #16637       NORTH YORK,KARL SERYANI,$16.69,,,,,,MCDONALD'S #16637       NORTH YORK
29 Nov. 2025,29 Nov. 2025,UBER EATS               HTTPS://HELP.UB,KARL SERYANI,$77.36,,,,,,UBER EATS               HTTPS://HELP.UB
27 Nov. 2025,27 Nov. 2025,AD FREE FOR PRIMEVIDEO  PRIME VIDEO,SANDRO SERYANI,$3.38,,,,,,AD FREE FOR PRIMEVIDEO  PRIME VIDEO
26 Nov. 2025,26 Nov. 2025,MEMBERSHIP FEE INSTALLMENT,SANDRO SERYANI,$12.99,,,,,,MEMBERSHIP FEE INSTALLMENT
23 Nov. 2025,23 Nov. 2025,AMAZON.CA PRIME MEMBER  AMAZON.CA/PRI,SANDRO SERYANI,$11.29,,,,,,AMAZON.CA PRIME MEMBER  AMAZON.CA/PRI
22 Nov. 2025,22 Nov. 2025,AMZN MKTP CA*B01I89980  866-216-1072,SANDRO SERYANI,$26.88,,,,,,AMZN MKTP CA*B01I89980  866-216-1072
22 Nov. 2025,22 Nov. 2025,AMZN MKTP CA*B02PU79X0  866-216-1072,SANDRO SERYANI,$25.89,,,,,,AMZN MKTP CA*B02PU79X0  866-216-1072
22 Nov. 2025,22 Nov. 2025,AMZN MKTP CA*B225A64L1  866-216-1072,SANDRO SERYANI,$59.65,,,,,,AMZN MKTP CA*B225A64L1  866-216-1072
21 Nov. 2025,21 Nov. 2025,UBER EATS               HTTPS://HELP.UB,KARL SERYANI,$89.01,,,,,,UBER EATS               HTTPS://HELP.UB
19 Nov. 2025,19 Nov. 2025,TESLA MOTORS CANADA ULC TORONTO,MAYA FOUNEV,$19.90,,,,,,TESLA MOTORS CANADA ULC TORONTO
18 Nov. 2025,18 Nov. 2025,TESLA MOTORS CANADA ULC TORONTO,MAYA FOUNEV,$15.81,,,,,,TESLA MOTORS CANADA ULC TORONTO
17 Nov. 2025,17 Nov. 2025,AMZN MKTP CA*B889A1782  866-216-1072,SANDRO SERYANI,$86.48,,,,,,AMZN MKTP CA*B889A1782  866-216-1072
16 Nov. 2025,16 Nov. 2025,MCDONALD'S #16637       NORTH YORK,KARL SERYANI,$17.49,,,,,,MCDONALD'S #16637       NORTH YORK
15 Nov. 2025,15 Nov. 2025,CASA BOHO 001           TORONTO,KARL SERYANI,$7.73,,,,,,CASA BOHO 001           TORONTO
15 Nov. 2025,15 Nov. 2025,NORTH PADEL CLUB 001    TORONTO,KARL SERYANI,$14.69,,,,,,NORTH PADEL CLUB 001    TORONTO
15 Nov. 2025,15 Nov. 2025,PLUTO PLANTS            TORONTO,KARL SERYANI,$45.19,,,,,,PLUTO PLANTS            TORONTO
14 Nov. 2025,14 Nov. 2025,,-$210.04,,,,,,PAYMENT RECEIVED - THANK YOU,
12 Nov. 2025,12 Nov. 2025,Holland Daze Sheppard   SCARBOROUGH,KARL SERYANI,$39.66,,,,,,Holland Daze Sheppard   SCARBOROUGH
12 Nov. 2025,12 Nov. 2025,STACY ISLAND FLAVOR RE  TORONTO,KARL SERYANI,$17.52,,,,,,STACY ISLAND FLAVOR RE  TORONTO
11 Nov. 2025,11 Nov. 2025,SKIPTHEDISHES           WINNIPEG (BROAD,KARL SERYANI,$62.14,,,,,,SKIPTHEDISHES           WINNIPEG (BROAD
09 Nov. 2025,09 Nov. 2025,LS TRAVEL RETAIL NORTH  OTTAWA,KARL SERYANI,$14.32,,,,,,LS TRAVEL RETAIL NORTH  OTTAWA
08 Nov. 2025,08 Nov. 2025,KFC #1310 KFC #1310     SCARBOROUGH,SANDRO SERYANI,$11.79,,,,,,KFC #1310 KFC #1310     SCARBOROUGH
03 Nov. 2025,03 Nov. 2025,,"-$1,566.20",,,,,,PAYMENT RECEIVED - THANK YOU,
02 Nov. 2025,02 Nov. 2025,FOOD BASICS  692        NORTH YORK,SANDRO SERYANI,$54.79,,,,,,FOOD BASICS  692        NORTH YORK
01 Nov. 2025,01 Nov. 2025,BESO                    TORONTO,KARL SERYANI,$266.46,,,,,,BESO                    TORONTO
01 Nov. 2025,01 Nov. 2025,GHADIR MEAT AND RESTAUR SCARBOROUGH,SANDRO SERYANI,$49.10,,,,,,GHADIR MEAT AND RESTAUR SCARBOROUGH
01 Nov. 2025,01 Nov. 2025,UBER EATS               HTTPS://HELP.UB,KARL SERYANI,$27.34,,,,,,UBER EATS               HTTPS://HELP.UB
01 Nov. 2025,01 Nov. 2025,UBER EATS               HTTPS://HELP.UB,KARL SERYANI,$120.19,,,,,,UBER EATS               HTTPS://HELP.UB
01 Nov. 2025,01 Nov. 2025,WENDY'S RESTAURANT #643 SCARBOROUGH,SANDRO SERYANI,$9.82,,,,,,WENDY'S RESTAURANT #643 SCARBOROUGH
31 Oct. 2025,31 Oct. 2025,,"-$1,849.54",,,,,,PAYMENT RECEIVED - THANK YOU,
30 Oct. 2025,30 Oct. 2025,CANNA NORTH CANNABIS ST TORONTO,KARL SERYANI,$52.34,,,,,,CANNA NORTH CANNABIS ST TORONTO
30 Oct. 2025,30 Oct. 2025,CHEXY*JOE SERYANI       TORONTO,KARL SERYANI,"$1,017.50",,,,,,CHEXY*JOE SERYANI       TORONTO
30 Oct. 2025,30 Oct. 2025,DAVES HOT CHICKEN       TORONTO,KARL SERYANI,$16.94,,,,,,DAVES HOT CHICKEN       TORONTO
30 Oct. 2025,30 Oct. 2025,TST-SUD FORNO - TEMPER  TORONTO,MAYA FOUNEV,$16.33,,,,,,TST-SUD FORNO - TEMPER  TORONTO
29 Oct. 2025,29 Oct. 2025,UBER EATS               HTTPS://HELP.UB,SANDRO SERYANI,$109.09,,,,,,UBER EATS               HTTPS://HELP.UB
27 Oct. 2025,27 Oct. 2025,AD FREE FOR PRIMEVIDEO  PRIME VIDEO,SANDRO SERYANI,$3.38,,,,,,AD FREE FOR PRIMEVIDEO  PRIME VIDEO
26 Oct. 2025,26 Oct. 2025,MEMBERSHIP FEE INSTALLMENT,SANDRO SERYANI,$12.99,,,,,,MEMBERSHIP FEE INSTALLMENT
26 Oct. 2025,26 Oct. 2025,WAL-MART 3000 3000      SCARBOROUGH,KARL SERYANI,$149.20,,,,,,WAL-MART 3000 3000      SCARBOROUGH
25 Oct. 2025,25 Oct. 2025,MCDONALD'S #16637       NORTH YORK,KARL SERYANI,$27.31,,,,,,MCDONALD'S #16637       NORTH YORK
24 Oct. 2025,24 Oct. 2025,Holland Daze Sheppard   SCARBOROUGH,KARL SERYANI,$50.34,,,,,,Holland Daze Sheppard   SCARBOROUGH
23 Oct. 2025,23 Oct. 2025,AMAZON.CA PRIME MEMBER  AMAZON.CA/PRI,SANDRO SERYANI,$11.29,,,,,,AMAZON.CA PRIME MEMBER  AMAZON.CA/PRI
23 Oct. 2025,23 Oct. 2025,PLAYTOMIC.IO 7DADC354   PINECREST,KARL SERYANI,$113.00,,,,,,PLAYTOMIC.IO 7DADC354   PINECREST
19 Oct. 2025,19 Oct. 2025,SWISS CHALET 1955       TORONTO,MAYA FOUNEV,$19.52,,,,,,SWISS CHALET 1955       TORONTO
18 Oct. 2025,18 Oct. 2025,TESLA MOTORS CANADA ULC TORONTO,MAYA FOUNEV,$15.81,,,,,,TESLA MOTORS CANADA ULC TORONTO
17 Oct. 2025,17 Oct. 2025,STARBUCKS 8007827282    800-782-7282,SANDRO SERYANI,$10.00,,,,,,STARBUCKS 8007827282    800-782-7282
16 Oct. 2025,16 Oct. 2025,CRAFT BEER MARKET TORO  TORONTO,MAYA FOUNEV,$84.02,,,,,,CRAFT BEER MARKET TORO  TORONTO
16 Oct. 2025,16 Oct. 2025,LYFT   *RIDE WED 6PM    VANCOUVER,MAYA FOUNEV,$6.97,,,,,,LYFT   *RIDE WED 6PM    VANCOUVER
16 Oct. 2025,16 Oct. 2025,SECOND CUP              TORONTO,MAYA FOUNEV,$3.10,,,,,,SECOND CUP              TORONTO
15 Oct. 2025,15 Oct. 2025,407-ETR-WEB 407-ETR-WEB WOODBRIDGE,MAYA FOUNEV,$49.59,,,,,,407-ETR-WEB 407-ETR-WEB WOODBRIDGE
15 Oct. 2025,15 Oct. 2025,CINEPLEX #8030 WEB QP   TORONTO,MAYA FOUNEV,$62.72,,,,,,CINEPLEX #8030 WEB QP   TORONTO
15 Oct. 2025,15 Oct. 2025,GUMROAD* LEARN2PRO      BROOKLYN,MAYA FOUNEV,$89.38,61.92 UNITED STATES DOLLAR,$0.00,1.44348,,,GUMROAD* LEARN2PRO      BROOKLYN
15 Oct. 2025,15 Oct. 2025,LYFT   *RIDE TUE 7AM    VANCOUVER,MAYA FOUNEV,$25.75,,,,,,LYFT   *RIDE TUE 7AM    VANCOUVER
15 Oct. 2025,15 Oct. 2025,SHOPPERS DRUG MART #094 TORONTO,MAYA FOUNEV,$17.40,,,,,,SHOPPERS DRUG MART #094 TORONTO
14 Oct. 2025,14 Oct. 2025,UBER EATS               HTTPS://HELP.UB,MAYA FOUNEV,$26.09,,,,,,UBER EATS               HTTPS://HELP.UB
12 Oct. 2025,12 Oct. 2025,CITIPARK INC CITIPARK I TORONTO,MAYA FOUNEV,$10.00,,,,,,CITIPARK INC CITIPARK I TORONTO
12 Oct. 2025,12 Oct. 2025,LCBO/RAO #0228 SCARBORO TORONTO,MAYA FOUNEV,$50.85,,,,,,LCBO/RAO #0228 SCARBORO TORONTO
12 Oct. 2025,12 Oct. 2025,LYFT   *RIDE SAT 9PM    VANCOUVER,MAYA FOUNEV,$24.86,,,,,,LYFT   *RIDE SAT 9PM    VANCOUVER
12 Oct. 2025,12 Oct. 2025,NESTLÉ CANADA INC       TORONTO,MAYA FOUNEV,$122.56,,,,,,NESTLÉ CANADA INC       TORONTO
12 Oct. 2025,12 Oct. 2025,TESLA MOTORS CANADA ULC TORONTO,MAYA FOUNEV,$24.46,,,,,,TESLA MOTORS CANADA ULC TORONTO
12 Oct. 2025,12 Oct. 2025,UBER EATS               HTTPS://HELP.UB,MAYA FOUNEV,$81.42,,,,,,UBER EATS               HTTPS://HELP.UB
11 Oct. 2025,11 Oct. 2025,APPLE.COM/BILL          TORONTO,MAYA FOUNEV,$1.46,,,,,,APPLE.COM/BILL          TORONTO
11 Oct. 2025,11 Oct. 2025,MARCHE COTE VERTU 2434  SAINT-LAURENT,MAYA FOUNEV,$17.87,,,,,,MARCHE COTE VERTU 2434  SAINT-LAURENT
11 Oct. 2025,11 Oct. 2025,Olive et Gourmando RM   MONT-ROYAL,MAYA FOUNEV,$49.54,,,,,,Olive et Gourmando RM   MONT-ROYAL
11 Oct. 2025,11 Oct. 2025,SAQ23186 VILLAGE MONTPE VILLE ST-LAUREN,MAYA FOUNEV,$2.95,,,,,,SAQ23186 VILLAGE MONTPE VILLE ST-LAUREN
11 Oct. 2025,11 Oct. 2025,SAQ23186 VILLAGE MONTPE VILLE ST-LAUREN,MAYA FOUNEV,$105.50,,,,,,SAQ23186 VILLAGE MONTPE VILLE ST-LAUREN
11 Oct. 2025,11 Oct. 2025,STARBUCKS 8007827282    800-782-7282,MAYA FOUNEV,$15.00,,,,,,STARBUCKS 8007827282    800-782-7282
10 Oct. 2025,10 Oct. 2025,JEAN COUTU  197         MONTREAL,MAYA FOUNEV,$13.73,,,,,,JEAN COUTU  197         MONTREAL
09 Oct. 2025,09 Oct. 2025,MCDONALD'S #40486       MORRISBURG,SANDRO SERYANI,$28.09,,,,,,MCDONALD'S #40486       MORRISBURG
09 Oct. 2025,09 Oct. 2025,ONROUTE                 PORT HOPE,MAYA FOUNEV,$11.97,,,,,,ONROUTE                 PORT HOPE
09 Oct. 2025,09 Oct. 2025,UBER EATS               HTTPS://HELP.UB,MAYA FOUNEV,$37.01,,,,,,UBER EATS               HTTPS://HELP.UB
08 Oct. 2025,08 Oct. 2025,APPLE.COM/BILL          TORONTO,MAYA FOUNEV,$19.20,,,,,,APPLE.COM/BILL          TORONTO
08 Oct. 2025,08 Oct. 2025,DAILY RITUAL CAFE DAILY TORONTO,MAYA FOUNEV,$8.48,,,,,,DAILY RITUAL CAFE DAILY TORONTO
08 Oct. 2025,08 Oct. 2025,WENDY'S RESTAURANT #643 SCARBOROUGH,MAYA FOUNEV,$21.39,,,,,,WENDY'S RESTAURANT #643 SCARBOROUGH
07 Oct. 2025,07 Oct. 2025,PRESTO FARE/Q77B65LQ9F  TORONTO,MAYA FOUNEV,$3.30,,,,,,PRESTO FARE/Q77B65LQ9F  TORONTO
07 Oct. 2025,07 Oct. 2025,SECOND CUP              TORONTO,MAYA FOUNEV,$17.91,,,,,,SECOND CUP              TORONTO
06 Oct. 2025,06 Oct. 2025,UBER EATS               HTTPS://HELP.UB,MAYA FOUNEV,$18.75,,,,,,UBER EATS               HTTPS://HELP.UB
06 Oct. 2025,06 Oct. 2025,UBER EATS               HTTPS://HELP.UB,MAYA FOUNEV,$48.47,,,,,,UBER EATS               HTTPS://HELP.UB
05 Oct. 2025,05 Oct. 2025,NORTH PADEL CLUB 001    TORONTO,MAYA FOUNEV,$22.60,,,,,,NORTH PADEL CLUB 001    TORONTO
04 Oct. 2025,04 Oct. 2025,ESSO CIRCLE K 0302      NORTH YORK,MAYA FOUNEV,$15.81,,,,,,ESSO CIRCLE K 0302      NORTH YORK
04 Oct. 2025,04 Oct. 2025,LCBO/RAO #0415 ETOBICOK ETOBICOKE,MAYA FOUNEV,$66.90,,,,,,LCBO/RAO #0415 ETOBICOK ETOBICOKE
04 Oct. 2025,04 Oct. 2025,VIRGIN PLUS             VERDUN,MAYA FOUNEV,$122.51,,,,,,VIRGIN PLUS             VERDUN
03 Oct. 2025,03 Oct. 2025,,-$216.92,,,,,,PAYMENT RECEIVED - THANK YOU,
02 Oct. 2025,02 Oct. 2025,UBER EATS               HTTPS://HELP.UB,MAYA FOUNEV,$28.50,,,,,,UBER EATS               HTTPS://HELP.UB
30 Sep. 2025,30 Sep. 2025,CANADA HOT TUB PARTS    SUDBURY,MAYA FOUNEV,$91.49,,,,,,CANADA HOT TUB PARTS    SUDBURY
30 Sep. 2025,30 Sep. 2025,JIMMY THE GREEK #010 TO TORONTO,MAYA FOUNEV,$18.35,,,,,,JIMMY THE GREEK #010 TO TORONTO
30 Sep. 2025,30 Sep. 2025,LYFT   *RIDE TUE 6AM    VANCOUVER,MAYA FOUNEV,$20.56,,,,,,LYFT   *RIDE TUE 6AM    VANCOUVER
30 Sep. 2025,30 Sep. 2025,,-$577.93,,,,,,PAYMENT RECEIVED - THANK YOU,
28 Sep. 2025,28 Sep. 2025,TST-MOODS EASTERN FUSI  OAKVILLE,MAYA FOUNEV,$24.69,,,,,,TST-MOODS EASTERN FUSI  OAKVILLE
28 Sep. 2025,28 Sep. 2025,TST-MOODS EASTERN FUSI  OAKVILLE,MAYA FOUNEV,$33.33,,,,,,TST-MOODS EASTERN FUSI  OAKVILLE
27 Sep. 2025,27 Sep. 2025,AD FREE FOR PRIMEVIDEO  PRIME VIDEO,SANDRO SERYANI,$3.38,,,,,,AD FREE FOR PRIMEVIDEO  PRIME VIDEO
27 Sep. 2025,27 Sep. 2025,BASKIN ROBBINS #357335  TORONTO,MAYA FOUNEV,$21.45,,,,,,BASKIN ROBBINS #357335  TORONTO
27 Sep. 2025,27 Sep. 2025,LCBO/RAO #0415 ETOBICOK ETOBICOKE,MAYA FOUNEV,$35.20,,,,,,LCBO/RAO #0415 ETOBICOK ETOBICOKE
27 Sep. 2025,27 Sep. 2025,SP OAK + FORT CAN       VANCOUVER,MAYA FOUNEV,$210.18,,,,,,SP OAK + FORT CAN       VANCOUVER
26 Sep. 2025,26 Sep. 2025,MCDONALD'S #8939   Q04  SCARBOROUGH,MAYA FOUNEV,$38.59,,,,,,MCDONALD'S #8939   Q04  SCARBOROUGH
26 Sep. 2025,26 Sep. 2025,MEMBERSHIP FEE INSTALLMENT,SANDRO SERYANI,$12.99,,,,,,MEMBERSHIP FEE INSTALLMENT
25 Sep. 2025,25 Sep. 2025,APPLE.COM/BILL          TORONTO,MAYA FOUNEV,$14.10,,,,,,APPLE.COM/BILL          TORONTO
25 Sep. 2025,25 Sep. 2025,DAVES HOT CHICKEN       TORONTO,MAYA FOUNEV,$23.60,,,,,,DAVES HOT CHICKEN       TORONTO
25 Sep. 2025,25 Sep. 2025,SECOND CUP              TORONTO,MAYA FOUNEV,$9.49,,,,,,SECOND CUP              TORONTO
25 Sep. 2025,25 Sep. 2025,STARBUCKS 04300         TORONTO,MAYA FOUNEV,$7.29,,,,,,STARBUCKS 04300         TORONTO
25 Sep. 2025,25 Sep. 2025,UBER EATS               HTTPS://HELP.UB,MAYA FOUNEV,$45.20,,,,,,UBER EATS               HTTPS://HELP.UB
24 Sep. 2025,24 Sep. 2025,"CURSOR, AI POWERED IDE  NEW YORK",MAYA FOUNEV,$28.38,20.00 UNITED STATES DOLLAR,$0.00,1.419,,,"CURSOR, AI POWERED IDE  NEW YORK"
24 Sep. 2025,24 Sep. 2025,SHOPPERS DRUG MART #094 TORONTO,SANDRO SERYANI,$14.11,,,,,,SHOPPERS DRUG MART #094 TORONTO
24 Sep. 2025,24 Sep. 2025,STARBUCKS 8007827282    800-782-7282,SANDRO SERYANI,$10.00,,,,,,STARBUCKS 8007827282    800-782-7282
23 Sep. 2025,23 Sep. 2025,AMAZON.CA PRIME MEMBER  AMAZON.CA/PRI,SANDRO SERYANI,$11.29,,,,,,AMAZON.CA PRIME MEMBER  AMAZON.CA/PRI
23 Sep. 2025,23 Sep. 2025,REXALL PHARMACY #0042 T TORONTO,SANDRO SERYANI,$4.28,,,,,,REXALL PHARMACY #0042 T TORONTO
22 Sep. 2025,22 Sep. 2025,SHOPPERS DRUG MART 875  SCARBOROUGH,MAYA FOUNEV,$25.06,,,,,,SHOPPERS DRUG MART 875  SCARBOROUGH
20 Sep. 2025,20 Sep. 2025,MCEWAN                  TORONTO,SANDRO SERYANI,$30.05,,,,,,MCEWAN                  TORONTO
20 Sep. 2025,20 Sep. 2025,,-$318.73,,,,,,PAYMENT RECEIVED - THANK YOU,
19 Sep. 2025,19 Sep. 2025,GHADIR MEAT AND RESTAUR SCARBOROUGH,SANDRO SERYANI,$33.29,,,,,,GHADIR MEAT AND RESTAUR SCARBOROUGH
18 Sep. 2025,18 Sep. 2025,UBER EATS               HTTPS://HELP.UB,SANDRO SERYANI,$152.55,,,,,,UBER EATS               HTTPS://HELP.UB
16 Sep. 2025,16 Sep. 2025,INDIGO 287              TORONTO,SANDRO SERYANI,$39.88,,,,,,INDIGO 287              TORONTO
16 Sep. 2025,16 Sep. 2025,SHOPPERS DRUG MART #094 TORONTO,SANDRO SERYANI,$10.44,,,,,,SHOPPERS DRUG MART #094 TORONTO
15 Sep. 2025,15 Sep. 2025,DAILY RITUAL CAFE DAILY TORONTO,SANDRO SERYANI,$13.56,,,,,,DAILY RITUAL CAFE DAILY TORONTO
15 Sep. 2025,15 Sep. 2025,REXALL PHARMACY #0042 T TORONTO,SANDRO SERYANI,$9.92,,,,,,REXALL PHARMACY #0042 T TORONTO
14 Sep. 2025,14 Sep. 2025,SHOPPERS DRUG MART #150 SCARBOROUGH,SANDRO SERYANI,$12.91,,,,,,SHOPPERS DRUG MART #150 SCARBOROUGH
13 Sep. 2025,13 Sep. 2025,CINEPLEX #7115     QP   TORONTO,SANDRO SERYANI,$35.00,,,,,,CINEPLEX #7115     QP   TORONTO
13 Sep. 2025,13 Sep. 2025,CINEPLEX #8030 WEB QP   TORONTO,SANDRO SERYANI,$36.28,,,,,,CINEPLEX #8030 WEB QP   TORONTO
13 Sep. 2025,13 Sep. 2025,,-$140.94,,,,,,PAYMENT RECEIVED - THANK YOU,
12 Sep. 2025,12 Sep. 2025,SECOND CUP              TORONTO,SANDRO SERYANI,$8.19,,,,,,SECOND CUP              TORONTO
09 Sep. 2025,09 Sep. 2025,IC* INSTACART           HALIFAX MID-HAR,SANDRO SERYANI,$140.94,,,,,,IC* INSTACART           HALIFAX MID-HAR
09 Sep. 2025,09 Sep. 2025,,"-$1,607.98",,,,,,PAYMENT RECEIVED - THANK YOU,
07 Sep. 2025,07 Sep. 2025,AIRCANADA               WINNIPEG ROUTING: FROM: PARIS CHARLES DE G,SANDRO SERYANI,$677.94,"406,98 EUROPEAN UNION EURO",$0.00,1.66578,,,AIRCANADA               WINNIPEG ROUTING: FROM: PARIS CHARLES DE G
07 Sep. 2025,07 Sep. 2025,AIRCANADA               WINNIPEG ROUTING: FROM: PARIS CHARLES DE G,SANDRO SERYANI,$677.94,"406,98 EUROPEAN UNION EURO",$0.00,1.66578,,,AIRCANADA               WINNIPEG ROUTING: FROM: PARIS CHARLES DE G
07 Sep. 2025,07 Sep. 2025,LE STELLA               PARIS,SANDRO SERYANI,$284.84,"171,00 EUROPEAN UNION EURO",$0.00,1.66573,,,LE STELLA               PARIS
06 Sep. 2025,06 Sep. 2025,,-$773.91,,,,,,PAYMENT RECEIVED - THANK YOU,
02 Sep. 2025,02 Sep. 2025,,-$800.00,,,,,,PAYMENT RECEIVED - THANK YOU,
31 Aug. 2025,31 Aug. 2025,,-$36.12,,,,,,AMZN MKTP CA            866-216-1072,
27 Aug. 2025,27 Aug. 2025,AD FREE FOR PRIMEVIDEO  PRIME VIDEO,SANDRO SERYANI,$3.38,,,,,,AD FREE FOR PRIMEVIDEO  PRIME VIDEO
26 Aug. 2025,26 Aug. 2025,MEMBERSHIP FEE INSTALLMENT,SANDRO SERYANI,$12.99,,,,,,MEMBERSHIP FEE INSTALLMENT
23 Aug. 2025,23 Aug. 2025,AMAZON.CA PRIME MEMBER  AMAZON.CA/PRI,SANDRO SERYANI,$11.29,,,,,,AMAZON.CA PRIME MEMBER  AMAZON.CA/PRI
22 Aug. 2025,22 Aug. 2025,WINNERS 207             NORTH YORK,SANDRO SERYANI,$294.85,,,,,,WINNERS 207             NORTH YORK
21 Aug. 2025,21 Aug. 2025,AIRALO                  SINGAPORE,SANDRO SERYANI,$13.50,,,,,,AIRALO                  SINGAPORE
21 Aug. 2025,21 Aug. 2025,AIRALO                  SINGAPORE,SANDRO SERYANI,$13.50,,,,,,AIRALO                  SINGAPORE
21 Aug. 2025,21 Aug. 2025,AMAZON.CA*O72EG9ZI3     866-216-1072,SANDRO SERYANI,$33.89,,,,,,AMAZON.CA*O72EG9ZI3     866-216-1072
20 Aug. 2025,20 Aug. 2025,AU PAIN DORE            TORONTO,SANDRO SERYANI,$14.41,,,,,,AU PAIN DORE            TORONTO
20 Aug. 2025,20 Aug. 2025,,"-$2,381.83",,,,,,UNITED AIRLINES         HOUSTON TICKET NUMBER: 01623241297300 PASSENGER NAME: FOUNEV/MAYAYASMINA,
20 Aug. 2025,20 Aug. 2025,,"-$2,381.83",,,,,,UNITED AIRLINES         HOUSTON TICKET NUMBER: 01623241297296 PASSENGER NAME: SERYANI/SANDRO,
19 Aug. 2025,19 Aug. 2025,JIMMY THE GREEK #010 TO TORONTO,SANDRO SERYANI,$25.97,,,,,,JIMMY THE GREEK #010 TO TORONTO
19 Aug. 2025,19 Aug. 2025,LONGO'S # 15 TORONTO    TORONTO,SANDRO SERYANI,$20.98,,,,,,LONGO'S # 15 TORONTO    TORONTO
19 Aug. 2025,19 Aug. 2025,,-$40.00,,,,,,UNITED AIRLINES         HOUSTON ROUTING: FROM: CHICAGO O'HARE INT,
19 Aug. 2025,19 Aug. 2025,,-$40.00,,,,,,UNITED AIRLINES         HOUSTON ROUTING: FROM: CHICAGO O'HARE INT,
18 Aug. 2025,18 Aug. 2025,UNITED AIRLINES         HOUSTON ROUTING: FROM: TORONTO LESTER B P,SANDRO SERYANI,$40.00,,,,,,UNITED AIRLINES         HOUSTON ROUTING: FROM: TORONTO LESTER B P
18 Aug. 2025,18 Aug. 2025,UNITED AIRLINES         HOUSTON ROUTING: FROM: TORONTO LESTER B P,SANDRO SERYANI,$40.00,,,,,,UNITED AIRLINES         HOUSTON ROUTING: FROM: TORONTO LESTER B P
18 Aug. 2025,18 Aug. 2025,UNITED AIRLINES         HOUSTON ROUTING: FROM: TORONTO LESTER B P,SANDRO SERYANI,"$2,381.83",,,,,,UNITED AIRLINES         HOUSTON ROUTING: FROM: TORONTO LESTER B P
18 Aug. 2025,18 Aug. 2025,UNITED AIRLINES         HOUSTON ROUTING: FROM: TORONTO LESTER B P,SANDRO SERYANI,"$2,381.83",,,,,,UNITED AIRLINES         HOUSTON ROUTING: FROM: TORONTO LESTER B P
17 Aug. 2025,17 Aug. 2025,AMAZON.CA*EI7Z355V3     866-216-1072,SANDRO SERYANI,$21.47,,,,,,AMAZON.CA*EI7Z355V3     866-216-1072
17 Aug. 2025,17 Aug. 2025,AMZN MKTP CA*JV1V75TV3  866-216-1072,SANDRO SERYANI,$29.37,,,,,,AMZN MKTP CA*JV1V75TV3  866-216-1072
17 Aug. 2025,17 Aug. 2025,AMZN MKTP CA*K698F2953  866-216-1072,SANDRO SERYANI,$28.24,,,,,,AMZN MKTP CA*K698F2953  866-216-1072
16 Aug. 2025,16 Aug. 2025,SEPHORA SHERWAY GARD    TORONTO,SANDRO SERYANI,$33.90,,,,,,SEPHORA SHERWAY GARD    TORONTO
16 Aug. 2025,16 Aug. 2025,UBER TRIP               HTTPS://HELP.UB,SANDRO SERYANI,$14.65,,,,,,UBER TRIP               HTTPS://HELP.UB
15 Aug. 2025,15 Aug. 2025,%ARABICA (UNION STATION TORONTO,SANDRO SERYANI,$9.88,,,,,,%ARABICA (UNION STATION TORONTO
15 Aug. 2025,15 Aug. 2025,DAILY RITUAL CAFE DAILY TORONTO,SANDRO SERYANI,$14.13,,,,,,DAILY RITUAL CAFE DAILY TORONTO
15 Aug. 2025,15 Aug. 2025,STACY ISLAND FLAVOR RE  TORONTO,SANDRO SERYANI,$11.58,,,,,,STACY ISLAND FLAVOR RE  TORONTO
12 Aug. 2025,12 Aug. 2025,PRESTO FARE/PQKZ2DCTPP  TORONTO,SANDRO SERYANI,$3.30,,,,,,PRESTO FARE/PQKZ2DCTPP  TORONTO
10 Aug. 2025,10 Aug. 2025,AMZN MKTP CA*L19G03T53  866-216-1072,SANDRO SERYANI,$67.79,,,,,,AMZN MKTP CA*L19G03T53  866-216-1072
10 Aug. 2025,10 Aug. 2025,AMZN MKTP CA*LG8EI9T63  866-216-1072,SANDRO SERYANI,$36.12,,,,,,AMZN MKTP CA*LG8EI9T63  866-216-1072
10 Aug. 2025,10 Aug. 2025,,-$250.00,,,,,,PAYMENT RECEIVED - THANK YOU,
09 Aug. 2025,09 Aug. 2025,WOODY'S BURGERS 001     TORONTO,SANDRO SERYANI,$73.80,,,,,,WOODY'S BURGERS 001     TORONTO
07 Aug. 2025,07 Aug. 2025,PRESTO FARE/PPMD5NR72F  TORONTO,SANDRO SERYANI,$16.32,,,,,,PRESTO FARE/PPMD5NR72F  TORONTO
07 Aug. 2025,07 Aug. 2025,UBER EATS               HTTPS://HELP.UB,SANDRO SERYANI,$65.47,,,,,,UBER EATS               HTTPS://HELP.UB
05 Aug. 2025,05 Aug. 2025,CINEPLEX #8030 WEB QP   TORONTO,SANDRO SERYANI,$32.95,,,,,,CINEPLEX #8030 WEB QP   TORONTO
03 Aug. 2025,03 Aug. 2025,THE HALAL STOP 001      TORONTO,SANDRO SERYANI,$39.57,,,,,,THE HALAL STOP 001      TORONTO
02 Aug. 2025,02 Aug. 2025,TST-SOUK TABULE         TORONTO,SANDRO SERYANI,$152.14,,,,,,TST-SOUK TABULE         TORONTO
02 Aug. 2025,02 Aug. 2025,UBER EATS               HTTPS://HELP.UB,SANDRO SERYANI,$85.59,,,,,,UBER EATS               HTTPS://HELP.UB
01 Aug. 2025,01 Aug. 2025,WENDY'S RESTAURANT #643 SCARBOROUGH,SANDRO SERYANI,$19.39,,,,,,WENDY'S RESTAURANT #643 SCARBOROUGH
28 Jul. 2025,28 Jul. 2025,AMZN MKTP CA*JD8RR0903  WWW.AMAZON.CA,SANDRO SERYANI,$17.96,,,,,,AMZN MKTP CA*JD8RR0903  WWW.AMAZON.CA
27 Jul. 2025,27 Jul. 2025,AD FREE FOR PRIMEVIDEO  PRIME VIDEO,SANDRO SERYANI,$3.38,,,,,,AD FREE FOR PRIMEVIDEO  PRIME VIDEO
26 Jul. 2025,26 Jul. 2025,MEMBERSHIP FEE INSTALLMENT,SANDRO SERYANI,$12.99,,,,,,MEMBERSHIP FEE INSTALLMENT
23 Jul. 2025,23 Jul. 2025,AMAZON.CA PRIME MEMBER  AMAZON.CA/PRI,SANDRO SERYANI,$11.29,,,,,,AMAZON.CA PRIME MEMBER  AMAZON.CA/PRI
20 Jul. 2025,20 Jul. 2025,STARBUCKS COFFEE #23    TORONTO,SANDRO SERYANI,$10.28,,,,,,STARBUCKS COFFEE #23    TORONTO
19 Jul. 2025,19 Jul. 2025,UBER TRIP               HTTPS://HELP.UB,SANDRO SERYANI,$23.61,,,,,,UBER TRIP               HTTPS://HELP.UB
17 Jul. 2025,17 Jul. 2025,MEZES                   TORONTO,SANDRO SERYANI,$151.87,,,,,,MEZES                   TORONTO
12 Jul. 2025,12 Jul. 2025,UBER EATS               HTTPS://HELP.UB,SANDRO SERYANI,$21.86,,,,,,UBER EATS               HTTPS://HELP.UB
12 Jul. 2025,12 Jul. 2025,UBER TRIP               HTTPS://HELP.UB,SANDRO SERYANI,$26.61,,,,,,UBER TRIP               HTTPS://HELP.UB
11 Jul. 2025,11 Jul. 2025,UBER TRIP               HTTPS://HELP.UB,SANDRO SERYANI,$0.98,,,,,,UBER TRIP               HTTPS://HELP.UB
11 Jul. 2025,11 Jul. 2025,UBER TRIP               HTTPS://HELP.UB,SANDRO SERYANI,$21.29,,,,,,UBER TRIP               HTTPS://HELP.UB
10 Jul. 2025,10 Jul. 2025,AMZN MKTP CA*NL90V6U31  WWW.AMAZON.CA,SANDRO SERYANI,$67.22,,,,,,AMZN MKTP CA*NL90V6U31  WWW.AMAZON.CA
10 Jul. 2025,10 Jul. 2025,UBER EATS               HTTPS://HELP.UB,SANDRO SERYANI,$26.18,,,,,,UBER EATS               HTTPS://HELP.UB
09 Jul. 2025,09 Jul. 2025,AMZN MKTP CA*NL5HO2UB0  WWW.AMAZON.CA,SANDRO SERYANI,$68.97,,,,,,AMZN MKTP CA*NL5HO2UB0  WWW.AMAZON.CA
09 Jul. 2025,09 Jul. 2025,PRESTO FARE/PJ5S79DB66  TORONTO,SANDRO SERYANI,$3.30,,,,,,PRESTO FARE/PJ5S79DB66  TORONTO
08 Jul. 2025,08 Jul. 2025,UBER TRIP               HTTPS://HELP.UB,SANDRO SERYANI,$9.03,,,,,,UBER TRIP               HTTPS://HELP.UB
06 Jul. 2025,06 Jul. 2025,A-OK CAFE               Toronto,SANDRO SERYANI,$13.56,,,,,,A-OK CAFE               Toronto
05 Jul. 2025,05 Jul. 2025,METRO  748              ETOBICOKE,SANDRO SERYANI,$10.16,,,,,,METRO  748              ETOBICOKE
05 Jul. 2025,05 Jul. 2025,UBER EATS               HTTPS://HELP.UB,SANDRO SERYANI,$29.17,,,,,,UBER EATS               HTTPS://HELP.UB
03 Jul. 2025,03 Jul. 2025,STARBUCKS COFFEE #47    TORONTO,SANDRO SERYANI,$13.66,,,,,,STARBUCKS COFFEE #47    TORONTO
03 Jul. 2025,03 Jul. 2025,UBER EATS               HTTPS://HELP.UB,SANDRO SERYANI,$23.75,,,,,,UBER EATS               HTTPS://HELP.UB
02 Jul. 2025,02 Jul. 2025,,-$419.80,,,,,,PAYMENT RECEIVED - THANK YOU,
30 Jun. 2025,30 Jun. 2025,AMZN MKTP CA*N38C84FT1  WWW.AMAZON.CA,SANDRO SERYANI,$13.55,,,,,,AMZN MKTP CA*N38C84FT1  WWW.AMAZON.CA
28 Jun. 2025,28 Jun. 2025,AMZN MKTP CA*N35RN73K2  WWW.AMAZON.CA,SANDRO SERYANI,$14.68,,,,,,AMZN MKTP CA*N35RN73K2  WWW.AMAZON.CA
28 Jun. 2025,28 Jun. 2025,AMZN MKTP CA*N39IB5TI2  WWW.AMAZON.CA,SANDRO SERYANI,$24.84,,,,,,AMZN MKTP CA*N39IB5TI2  WWW.AMAZON.CA
27 Jun. 2025,27 Jun. 2025,AD FREE FOR PRIMEVIDEO  PRIME VIDEO,SANDRO SERYANI,$3.38,,,,,,AD FREE FOR PRIMEVIDEO  PRIME VIDEO
27 Jun. 2025,27 Jun. 2025,,"-$1,400.00",,,,,,PAYMENT RECEIVED - THANK YOU,
27 Jun. 2025,27 Jun. 2025,PRESTO FARE/PFTVJP9DSQ  TORONTO,SANDRO SERYANI,$3.30,,,,,,PRESTO FARE/PFTVJP9DSQ  TORONTO
26 Jun. 2025,26 Jun. 2025,MEMBERSHIP FEE INSTALLMENT,SANDRO SERYANI,$12.99,,,,,,MEMBERSHIP FEE INSTALLMENT
23 Jun. 2025,23 Jun. 2025,AMAZON.CA PRIME MEMBER  AMAZON.CA/PRI,SANDRO SERYANI,$11.29,,,,,,AMAZON.CA PRIME MEMBER  AMAZON.CA/PRI
21 Jun. 2025,21 Jun. 2025,JEAN COUTU  285         MONTREAL,SANDRO SERYANI,$8.04,,,,,,JEAN COUTU  285         MONTREAL
20 Jun. 2025,20 Jun. 2025,LS PIGEON CAFE MCGILL   MONTRÉAL,SANDRO SERYANI,$69.68,,,,,,LS PIGEON CAFE MCGILL   MONTRÉAL
19 Jun. 2025,19 Jun. 2025,KAZA MAZA 104207189     MONTREAL,SANDRO SERYANI,$278.73,,,,,,KAZA MAZA 104207189     MONTREAL
18 Jun. 2025,18 Jun. 2025,NELLIGAN VERSES MBOEUF  MONTREAL,SANDRO SERYANI,$338.59,,,,,,NELLIGAN VERSES MBOEUF  MONTREAL
18 Jun. 2025,18 Jun. 2025,RESTAURANT WILLIAM GRA  MONTREAL,SANDRO SERYANI,$64.34,,,,,,RESTAURANT WILLIAM GRA  MONTREAL
16 Jun. 2025,16 Jun. 2025,PRESTO FARE/5H7HG5KMC2  TORONTO,SANDRO SERYANI,$23.98,,,,,,PRESTO FARE/5H7HG5KMC2  TORONTO
16 Jun. 2025,16 Jun. 2025,SHOPPERS DRUG MART #150 SCARBOROUGH,SANDRO SERYANI,$89.63,,,,,,SHOPPERS DRUG MART #150 SCARBOROUGH
16 Jun. 2025,16 Jun. 2025,UBER EATS               HTTPS://HELP.UB,SANDRO SERYANI,$36.43,,,,,,UBER EATS               HTTPS://HELP.UB
15 Jun. 2025,15 Jun. 2025,TST-SIMONA              TORONTO,SANDRO SERYANI,$130.28,,,,,,TST-SIMONA              TORONTO
13 Jun. 2025,13 Jun. 2025,UBER EATS               HTTPS://HELP.UB,SANDRO SERYANI,$29.07,,,,,,UBER EATS               HTTPS://HELP.UB
12 Jun. 2025,12 Jun. 2025,UBER EATS               HTTPS://HELP.UB,SANDRO SERYANI,$54.72,,,,,,UBER EATS               HTTPS://HELP.UB
11 Jun. 2025,11 Jun. 2025,DAILY RITUAL CAFE DAILY TORONTO,SANDRO SERYANI,$8.48,,,,,,DAILY RITUAL CAFE DAILY TORONTO
10 Jun. 2025,10 Jun. 2025,,-$900.19,,,,,,PAYMENT RECEIVED - THANK YOU,
09 Jun. 2025,09 Jun. 2025,AMZN MKTP CA*NA4C37FI2  WWW.AMAZON.CA,SANDRO SERYANI,$67.79,,,,,,AMZN MKTP CA*NA4C37FI2  WWW.AMAZON.CA
08 Jun. 2025,08 Jun. 2025,AMZN MKTP CA*NH1F94TJ0  WWW.AMAZON.CA,SANDRO SERYANI,$33.89,,,,,,AMZN MKTP CA*NH1F94TJ0  WWW.AMAZON.CA
08 Jun. 2025,08 Jun. 2025,AMZN MKTP CA*NH24V1JK1  WWW.AMAZON.CA,SANDRO SERYANI,$56.49,,,,,,AMZN MKTP CA*NH24V1JK1  WWW.AMAZON.CA
08 Jun. 2025,08 Jun. 2025,AMZN MKTP CA*NH7B94RB2  WWW.AMAZON.CA,SANDRO SERYANI,$56.49,,,,,,AMZN MKTP CA*NH7B94RB2  WWW.AMAZON.CA
08 Jun. 2025,08 Jun. 2025,CAFE DE FLORE 001       TORONTO,SANDRO SERYANI,$19.89,,,,,,CAFE DE FLORE 001       TORONTO
07 Jun. 2025,07 Jun. 2025,FOOD BASICS  692        NORTH YORK,SANDRO SERYANI,$10.92,,,,,,FOOD BASICS  692        NORTH YORK
05 Jun. 2025,05 Jun. 2025,PRESTO FARE/5H5F56VZSN  TORONTO,SANDRO SERYANI,$7.66,,,,,,PRESTO FARE/5H5F56VZSN  TORONTO
04 Jun. 2025,04 Jun. 2025,JIMMY THE GREEK #010 TO TORONTO,SANDRO SERYANI,$44.02,,,,,,JIMMY THE GREEK #010 TO TORONTO
03 Jun. 2025,03 Jun. 2025,UBER EATS               HTTPS://HELP.UB,SANDRO SERYANI,$29.51,,,,,,UBER EATS               HTTPS://HELP.UB
02 Jun. 2025,02 Jun. 2025,PRESTO FARE/5H52MDTK8P  TORONTO,SANDRO SERYANI,$16.32,,,,,,PRESTO FARE/5H52MDTK8P  TORONTO
02 Jun. 2025,02 Jun. 2025,UBER TRIP               HTTPS://HELP.UB,SANDRO SERYANI,$1.24,,,,,,UBER TRIP               HTTPS://HELP.UB
02 Jun. 2025,02 Jun. 2025,UBER TRIP               HTTPS://HELP.UB,SANDRO SERYANI,$8.52,,,,,,UBER TRIP               HTTPS://HELP.UB
01 Jun. 2025,01 Jun. 2025,AMZN MKTP CA*N609S1CX0  WWW.AMAZON.CA,SANDRO SERYANI,$33.48,,,,,,AMZN MKTP CA*N609S1CX0  WWW.AMAZON.CA
01 Jun. 2025,01 Jun. 2025,AMZN MKTP CA*N62WA7C50  WWW.AMAZON.CA,SANDRO SERYANI,$15.33,,,,,,AMZN MKTP CA*N62WA7C50  WWW.AMAZON.CA
01 Jun. 2025,01 Jun. 2025,LA VECCHIA 001          ETOBICOKE,SANDRO SERYANI,$129.50,,,,,,LA VECCHIA 001          ETOBICOKE
31 May 2025,31 May 2025,METRO  748              ETOBICOKE,SANDRO SERYANI,$32.32,,,,,,METRO  748              ETOBICOKE
29 May 2025,29 May 2025,PRESTO FARE/5H4737VN5G  TORONTO,SANDRO SERYANI,$7.66,,,,,,PRESTO FARE/5H4737VN5G  TORONTO
28 May 2025,28 May 2025,PRESTO FARE/5H4263QW9V  TORONTO,SANDRO SERYANI,$15.32,,,,,,PRESTO FARE/5H4263QW9V  TORONTO
28 May 2025,28 May 2025,REXALL PHARMACY #0042 T TORONTO,SANDRO SERYANI,$6.78,,,,,,REXALL PHARMACY #0042 T TORONTO
28 May 2025,28 May 2025,UBER TRIP               HTTPS://HELP.UB,SANDRO SERYANI,$31.60,,,,,,UBER TRIP               HTTPS://HELP.UB
27 May 2025,27 May 2025,AD FREE FOR PRIMEVIDEO  PRIME VIDEO,SANDRO SERYANI,$3.38,,,,,,AD FREE FOR PRIMEVIDEO  PRIME VIDEO
27 May 2025,27 May 2025,DAILY RITUAL CAFE DAILY TORONTO,SANDRO SERYANI,$6.89,,,,,,DAILY RITUAL CAFE DAILY TORONTO
27 May 2025,27 May 2025,UBER EATS               HTTPS://HELP.UB,SANDRO SERYANI,$21.40,,,,,,UBER EATS               HTTPS://HELP.UB
26 May 2025,26 May 2025,MEMBERSHIP FEE INSTALLMENT,SANDRO SERYANI,$12.99,,,,,,MEMBERSHIP FEE INSTALLMENT
26 May 2025,26 May 2025,UBER TRIP               HTTPS://HELP.UB,SANDRO SERYANI,$7.15,,,,,,UBER TRIP               HTTPS://HELP.UB
25 May 2025,25 May 2025,A-OK CAFE               Toronto,SANDRO SERYANI,$14.30,,,,,,A-OK CAFE               Toronto
24 May 2025,24 May 2025,TST-COPACABANA BRAZILI  TORONTO,SANDRO SERYANI,$330.13,,,,,,TST-COPACABANA BRAZILI  TORONTO
24 May 2025,24 May 2025,UBER EATS               HTTPS://HELP.UB,SANDRO SERYANI,$33.75,,,,,,UBER EATS               HTTPS://HELP.UB
24 May 2025,24 May 2025,UBER EATS               HTTPS://HELP.UB,SANDRO SERYANI,$86.28,,,,,,UBER EATS               HTTPS://HELP.UB
24 May 2025,24 May 2025,UBER TRIP               HTTPS://HELP.UB,SANDRO SERYANI,$37.90,,,,,,UBER TRIP               HTTPS://HELP.UB
23 May 2025,23 May 2025,PRESTO FARE/5H33H1LMJQ  TORONTO,SANDRO SERYANI,$10.96,,,,,,PRESTO FARE/5H33H1LMJQ  TORONTO
23 May 2025,23 May 2025,REXALL PHARMACY #0042 T TORONTO,SANDRO SERYANI,$2.25,,,,,,REXALL PHARMACY #0042 T TORONTO
23 May 2025,23 May 2025,ZEN KYOTO 001           TORONTO,SANDRO SERYANI,$22.60,,,,,,ZEN KYOTO 001           TORONTO
22 May 2025,22 May 2025,PRESTO FARE/5H30KFNWBN  TORONTO,SANDRO SERYANI,$16.32,,,,,,PRESTO FARE/5H30KFNWBN  TORONTO
22 May 2025,22 May 2025,SEPHORA TORONTO UNIO    TORONTO,SANDRO SERYANI,$55.37,,,,,,SEPHORA TORONTO UNIO    TORONTO
21 May 2025,21 May 2025,PRESTO FARE/5H2JLCHZH6  TORONTO,SANDRO SERYANI,$23.98,,,,,,PRESTO FARE/5H2JLCHZH6  TORONTO
21 May 2025,21 May 2025,REXALL PHARMACY #0042 T TORONTO,SANDRO SERYANI,$3.94,,,,,,REXALL PHARMACY #0042 T TORONTO
20 May 2025,20 May 2025,DAILY RITUAL CAFE DAILY TORONTO,SANDRO SERYANI,$6.89,,,,,,DAILY RITUAL CAFE DAILY TORONTO
20 May 2025,20 May 2025,PRESTO FARE/5H2G76MWZL  TORONTO,SANDRO SERYANI,$16.32,,,,,,PRESTO FARE/5H2G76MWZL  TORONTO
20 May 2025,20 May 2025,SECOND CUP              TORONTO,SANDRO SERYANI,$8.19,,,,,,SECOND CUP              TORONTO
20 May 2025,20 May 2025,SHOPPERS DRUG MART 875  SCARBOROUGH,SANDRO SERYANI,$63.06,,,,,,SHOPPERS DRUG MART 875  SCARBOROUGH
18 May 2025,18 May 2025,CAFE DE FLORE 001       TORONTO,SANDRO SERYANI,$24.98,,,,,,CAFE DE FLORE 001       TORONTO
17 May 2025,17 May 2025,MOXIES 300 27859        NORTH YORK,SANDRO SERYANI,$100.01,,,,,,MOXIES 300 27859        NORTH YORK
16 May 2025,16 May 2025,,"-$1,849.40",,,,,,PAYMENT RECEIVED - THANK YOU,
16 May 2025,16 May 2025,UBER TRIP               HTTPS://HELP.UB,SANDRO SERYANI,$18.32,,,,,,UBER TRIP               HTTPS://HELP.UB
15 May 2025,15 May 2025,PRESTO FARE/5H169BLZ62  TORONTO,SANDRO SERYANI,$3.30,,,,,,PRESTO FARE/5H169BLZ62  TORONTO
15 May 2025,15 May 2025,STARBUCKS COFFEE #47    TORONTO,SANDRO SERYANI,$8.35,,,,,,STARBUCKS COFFEE #47    TORONTO
14 May 2025,14 May 2025,DOMINOS PIZZA #10496    SCARBOROUGH,SANDRO SERYANI,$87.70,,,,,,DOMINOS PIZZA #10496    SCARBOROUGH
11 May 2025,11 May 2025,BASKIN ROBBINS #365658  ETOBICOKE,SANDRO SERYANI,$19.74,,,,,,BASKIN ROBBINS #365658  ETOBICOKE
11 May 2025,11 May 2025,JACK ASTOR'S SHERWAY    ETOBICOKE,SANDRO SERYANI,$107.84,,,,,,JACK ASTOR'S SHERWAY    ETOBICOKE
10 May 2025,10 May 2025,ARITZIA SHERWAY GDNS    TORONTO,SANDRO SERYANI,$240.69,,,,,,ARITZIA SHERWAY GDNS    TORONTO
10 May 2025,10 May 2025,FOOD BASICS  692        NORTH YORK,SANDRO SERYANI,$46.30,,,,,,FOOD BASICS  692        NORTH YORK
10 May 2025,10 May 2025,UBER EATS               HTTPS://HELP.UB,SANDRO SERYANI,$23.73,,,,,,UBER EATS               HTTPS://HELP.UB
09 May 2025,09 May 2025,UBER EATS               HTTPS://HELP.UB,SANDRO SERYANI,$81.33,,,,,,UBER EATS               HTTPS://HELP.UB
09 May 2025,09 May 2025,UBER TRIP               HTTPS://HELP.UB,SANDRO SERYANI,$28.71,,,,,,UBER TRIP               HTTPS://HELP.UB
07 May 2025,07 May 2025,PRESTO FARE/5H0303WF9V  TORONTO,SANDRO SERYANI,$7.66,,,,,,PRESTO FARE/5H0303WF9V  TORONTO
07 May 2025,07 May 2025,SHOPPERS DRUG MART #094 TORONTO,SANDRO SERYANI,$7.33,,,,,,SHOPPERS DRUG MART #094 TORONTO
07 May 2025,07 May 2025,STARBUCKS COFFEE #47    TORONTO,SANDRO SERYANI,$6.38,,,,,,STARBUCKS COFFEE #47    TORONTO
07 May 2025,07 May 2025,UBER EATS               HTTPS://HELP.UB,SANDRO SERYANI,$23.41,,,,,,UBER EATS               HTTPS://HELP.UB
07 May 2025,07 May 2025,UBER EATS               HTTPS://HELP.UB,SANDRO SERYANI,$45.44,,,,,,UBER EATS               HTTPS://HELP.UB
06 May 2025,06 May 2025,PRESTO FARE/5GP727TBNG  TORONTO,SANDRO SERYANI,$7.66,,,,,,PRESTO FARE/5GP727TBNG  TORONTO
06 May 2025,06 May 2025,SHOPPERS DRUG MART #094 TORONTO,SANDRO SERYANI,$3.94,,,,,,SHOPPERS DRUG MART #094 TORONTO
05 May 2025,05 May 2025,UBER TRIP               HTTPS://HELP.UB,SANDRO SERYANI,$19.96,,,,,,UBER TRIP               HTTPS://HELP.UB
04 May 2025,04 May 2025,AMZN MKTP CA*NB32N8PG0  WWW.AMAZON.CA,SANDRO SERYANI,$44.05,,,,,,AMZN MKTP CA*NB32N8PG0  WWW.AMAZON.CA
03 May 2025,03 May 2025,LCBO/RAO #0198 SCARBORO SCARBOROUGH,SANDRO SERYANI,$33.00,,,,,,LCBO/RAO #0198 SCARBORO SCARBOROUGH
03 May 2025,03 May 2025,MCDONALD'S #8939   Q04  SCARBOROUGH,SANDRO SERYANI,$19.29,,,,,,MCDONALD'S #8939   Q04  SCARBOROUGH
01 May 2025,01 May 2025,SKIPTHEDISHES           WINNIPEG (BROAD,SANDRO SERYANI,$63.96,,,,,,SKIPTHEDISHES           WINNIPEG (BROAD
30 Apr. 2025,30 Apr. 2025,UBER TRIP               HTTPS://HELP.UB,SANDRO SERYANI,$22.12,,,,,,UBER TRIP               HTTPS://HELP.UB
27 Apr. 2025,27 Apr. 2025,A-OK CAFE               Toronto,SANDRO SERYANI,$6.78,,,,,,A-OK CAFE               Toronto
27 Apr. 2025,27 Apr. 2025,SHOPPERS DRUG MART #083 ETOBICOKE,SANDRO SERYANI,$18.78,,,,,,SHOPPERS DRUG MART #083 ETOBICOKE
26 Apr. 2025,26 Apr. 2025,MEMBERSHIP FEE INSTALLMENT,SANDRO SERYANI,$12.99,,,,,,MEMBERSHIP FEE INSTALLMENT
26 Apr. 2025,26 Apr. 2025,UBER EATS               HTTPS://HELP.UB,SANDRO SERYANI,$21.53,,,,,,UBER EATS               HTTPS://HELP.UB
26 Apr. 2025,26 Apr. 2025,UBER EATS               HTTPS://HELP.UB,SANDRO SERYANI,$81.72,,,,,,UBER EATS               HTTPS://HELP.UB
25 Apr. 2025,25 Apr. 2025,UBER EATS               HTTPS://HELP.UB,SANDRO SERYANI,$27.10,,,,,,UBER EATS               HTTPS://HELP.UB
24 Apr. 2025,24 Apr. 2025,STARBUCKS COFFEE #51    LONDON,SANDRO SERYANI,$11.62,,,,,,STARBUCKS COFFEE #51    LONDON
24 Apr. 2025,24 Apr. 2025,UBER TRIP               HTTPS://HELP.UB,SANDRO SERYANI,$22.76,,,,,,UBER TRIP               HTTPS://HELP.UB
22 Apr. 2025,22 Apr. 2025,AMZN MKTP CA*4375Q1QD3  WWW.AMAZON.CA,SANDRO SERYANI,$53.52,,,,,,AMZN MKTP CA*4375Q1QD3  WWW.AMAZON.CA
22 Apr. 2025,22 Apr. 2025,AMZN MKTP CA*GE4F58WB3  WWW.AMAZON.CA,SANDRO SERYANI,$33.89,,,,,,AMZN MKTP CA*GE4F58WB3  WWW.AMAZON.CA
22 Apr. 2025,22 Apr. 2025,AMZN MKTP CA*VG3PS3N13  WWW.AMAZON.CA,SANDRO SERYANI,$55.11,,,,,,AMZN MKTP CA*VG3PS3N13  WWW.AMAZON.CA
19 Apr. 2025,19 Apr. 2025,LCBO/RAO #0415 ETOBICOK ETOBICOKE,SANDRO SERYANI,$19.00,,,,,,LCBO/RAO #0415 ETOBICOK ETOBICOKE
19 Apr. 2025,19 Apr. 2025,ROLLERCA*SKYZONE TORONT TORONTO,SANDRO SERYANI,$172.78,,,,,,ROLLERCA*SKYZONE TORONT TORONTO
16 Apr. 2025,16 Apr. 2025,AMZN MKTP CA*MP1C27YT3  WWW.AMAZON.CA,SANDRO SERYANI,$112.99,,,,,,AMZN MKTP CA*MP1C27YT3  WWW.AMAZON.CA
12 Apr. 2025,12 Apr. 2025,AMZN MKTP CA*XV0LN0GW3  WWW.AMAZON.CA,SANDRO SERYANI,$29.36,,,,,,AMZN MKTP CA*XV0LN0GW3  WWW.AMAZON.CA
12 Apr. 2025,12 Apr. 2025,SOBEYS #4743 ETOBICOKE  ETOBICOKE,SANDRO SERYANI,$71.76,,,,,,SOBEYS #4743 ETOBICOKE  ETOBICOKE
07 Apr. 2025,07 Apr. 2025,AMZN MKTP CA*Z646Z5HO3  WWW.AMAZON.CA,SANDRO SERYANI,$20.33,,,,,,AMZN MKTP CA*Z646Z5HO3  WWW.AMAZON.CA
06 Apr. 2025,06 Apr. 2025,AMZN MKTP CA*H41095R63  WWW.AMAZON.CA,SANDRO SERYANI,$65.25,,,,,,AMZN MKTP CA*H41095R63  WWW.AMAZON.CA
05 Apr. 2025,05 Apr. 2025,BASKIN ROBBINS #365658  ETOBICOKE,SANDRO SERYANI,$15.80,,,,,,BASKIN ROBBINS #365658  ETOBICOKE
05 Apr. 2025,05 Apr. 2025,UBER EATS               HTTPS://HELP.UB,SANDRO SERYANI,$38.41,,,,,,UBER EATS               HTTPS://HELP.UB
04 Apr. 2025,04 Apr. 2025,,-$588.43,,,,,,PAYMENT RECEIVED - THANK YOU,
04 Apr. 2025,04 Apr. 2025,STARBUCKS COFFEE #47    TORONTO,SANDRO SERYANI,$6.38,,,,,,STARBUCKS COFFEE #47    TORONTO
03 Apr. 2025,03 Apr. 2025,SHOPPERS DRUG MART #094 TORONTO,SANDRO SERYANI,$11.30,,,,,,SHOPPERS DRUG MART #094 TORONTO
27 Mar. 2025,27 Mar. 2025,UBER TRIP               HTTPS://HELP.UB,SANDRO SERYANI,$26.02,,,,,,UBER TRIP               HTTPS://HELP.UB
26 Mar. 2025,26 Mar. 2025,MEMBERSHIP FEE INSTALLMENT,SANDRO SERYANI,$12.99,,,,,,MEMBERSHIP FEE INSTALLMENT
24 Mar. 2025,24 Mar. 2025,SHOPPERS DRUG MART #094 TORONTO,SANDRO SERYANI,$6.78,,,,,,SHOPPERS DRUG MART #094 TORONTO
23 Mar. 2025,23 Mar. 2025,UBER EATS               HTTPS://HELP.UB,SANDRO SERYANI,$42.38,,,,,,UBER EATS               HTTPS://HELP.UB
22 Mar. 2025,22 Mar. 2025,CINEPLEX ENTERTAINME    416-323-6600,SANDRO SERYANI,$49.72,,,,,,CINEPLEX ENTERTAINME    416-323-6600
21 Mar. 2025,21 Mar. 2025,TKO'S THE SPORTS BAR &  TORONTO,SANDRO SERYANI,$66.13,,,,,,TKO'S THE SPORTS BAR &  TORONTO
21 Mar. 2025,21 Mar. 2025,UBER TRIP               HTTPS://HELP.UB,SANDRO SERYANI,$15.86,,,,,,UBER TRIP               HTTPS://HELP.UB
21 Mar. 2025,21 Mar. 2025,UBER TRIP               HTTPS://HELP.UB,SANDRO SERYANI,$18.51,,,,,,UBER TRIP               HTTPS://HELP.UB
21 Mar. 2025,21 Mar. 2025,UBER TRIP               HTTPS://HELP.UB,SANDRO SERYANI,$19.76,,,,,,UBER TRIP               HTTPS://HELP.UB
20 Mar. 2025,20 Mar. 2025,UBER TRIP               HTTPS://HELP.UB,SANDRO SERYANI,$18.95,,,,,,UBER TRIP               HTTPS://HELP.UB
19 Mar. 2025,19 Mar. 2025,UBER TRIP               HTTPS://HELP.UB,SANDRO SERYANI,$19.64,,,,,,UBER TRIP               HTTPS://HELP.UB
19 Mar. 2025,19 Mar. 2025,UBER TRIP               HTTPS://HELP.UB,SANDRO SERYANI,$19.71,,,,,,UBER TRIP               HTTPS://HELP.UB
19 Mar. 2025,19 Mar. 2025,WENDY'S RESTAURANT #643 SCARBOROUGH,SANDRO SERYANI,$26.30,,,,,,WENDY'S RESTAURANT #643 SCARBOROUGH
18 Mar. 2025,18 Mar. 2025,UBER TRIP               HTTPS://HELP.UB,SANDRO SERYANI,$10.01,,,,,,UBER TRIP               HTTPS://HELP.UB
18 Mar. 2025,18 Mar. 2025,UBER TRIP               HTTPS://HELP.UB,SANDRO SERYANI,$19.35,,,,,,UBER TRIP               HTTPS://HELP.UB
17 Mar. 2025,17 Mar. 2025,UBER TRIP               HTTPS://HELP.UB,SANDRO SERYANI,$0.37,,,,,,UBER TRIP               HTTPS://HELP.UB
17 Mar. 2025,17 Mar. 2025,UBER TRIP               HTTPS://HELP.UB,SANDRO SERYANI,$8.47,,,,,,UBER TRIP               HTTPS://HELP.UB
17 Mar. 2025,17 Mar. 2025,UBER TRIP               HTTPS://HELP.UB,SANDRO SERYANI,$19.39,,,,,,UBER TRIP               HTTPS://HELP.UB
16 Mar. 2025,16 Mar. 2025,METRO  475              SCARBOROUGH,SANDRO SERYANI,$77.16,,,,,,METRO  475              SCARBOROUGH
15 Mar. 2025,15 Mar. 2025,,"-$1,199.52",,,,,,PAYMENT RECEIVED - THANK YOU,
15 Mar. 2025,15 Mar. 2025,UBER EATS               HTTPS://HELP.UB,SANDRO SERYANI,$35.50,,,,,,UBER EATS               HTTPS://HELP.UB
14 Mar. 2025,14 Mar. 2025,TKO'S THE SPORTS BAR &  TORONTO,SANDRO SERYANI,$69.06,,,,,,TKO'S THE SPORTS BAR &  TORONTO
14 Mar. 2025,14 Mar. 2025,UBER TRIP               HTTPS://HELP.UB,SANDRO SERYANI,$6.37,,,,,,UBER TRIP               HTTPS://HELP.UB
12 Mar. 2025,12 Mar. 2025,COACH                   HALIFAX,SANDRO SERYANI,$542.40,,,,,,COACH                   HALIFAX
12 Mar. 2025,12 Mar. 2025,MOSMOS BAKERY 205788385 TORONTO,SANDRO SERYANI,$7.06,,,,,,MOSMOS BAKERY 205788385 TORONTO
10 Mar. 2025,10 Mar. 2025,ANAS NAIL BOUTIQUE & SP ETOBICOKE,SANDRO SERYANI,$24.69,,,,,,ANAS NAIL BOUTIQUE & SP ETOBICOKE
08 Mar. 2025,08 Mar. 2025,SHOPPERS DRUG MART 875  SCARBOROUGH,SANDRO SERYANI,$64.37,,,,,,SHOPPERS DRUG MART 875  SCARBOROUGH
08 Mar. 2025,08 Mar. 2025,UBER EATS               HTTPS://HELP.UB,SANDRO SERYANI,$131.46,,,,,,UBER EATS               HTTPS://HELP.UB
07 Mar. 2025,07 Mar. 2025,,-$200.00,,,,,,PAYMENT RECEIVED - THANK YOU,
06 Mar. 2025,06 Mar. 2025,UBER EATS               HTTPS://HELP.UB,SANDRO SERYANI,$3.58,,,,,,UBER EATS               HTTPS://HELP.UB
06 Mar. 2025,06 Mar. 2025,UBER EATS               HTTPS://HELP.UB,SANDRO SERYANI,$25.02,,,,,,UBER EATS               HTTPS://HELP.UB
04 Mar. 2025,04 Mar. 2025,UBER EATS               HTTPS://HELP.UB,SANDRO SERYANI,$2.00,,,,,,UBER EATS               HTTPS://HELP.UB
03 Mar. 2025,03 Mar. 2025,UBER EATS               HTTPS://HELP.UB,SANDRO SERYANI,$31.15,,,,,,UBER EATS               HTTPS://HELP.UB
28 Feb. 2025,28 Feb. 2025,TKO'S THE SPORTS BAR &  TORONTO,SANDRO SERYANI,$65.35,,,,,,TKO'S THE SPORTS BAR &  TORONTO
26 Feb. 2025,26 Feb. 2025,MEMBERSHIP FEE INSTALLMENT,SANDRO SERYANI,$12.99,,,,,,MEMBERSHIP FEE INSTALLMENT
23 Feb. 2025,23 Feb. 2025,THE BISHOP AND BELCHER  TORONTO,SANDRO SERYANI,$147.50,,,,,,THE BISHOP AND BELCHER  TORONTO
22 Feb. 2025,22 Feb. 2025,BARNSTORMER BREWERY BAR BARRIE,SANDRO SERYANI,$155.94,,,,,,BARNSTORMER BREWERY BAR BARRIE
21 Feb. 2025,21 Feb. 2025,,-$800.00,,,,,,PAYMENT RECEIVED - THANK YOU,
20 Feb. 2025,20 Feb. 2025,STARBUCKS COFFEE #47    TORONTO,SANDRO SERYANI,$11.17,,,,,,STARBUCKS COFFEE #47    TORONTO
19 Feb. 2025,19 Feb. 2025,SEPHORA EATON CENTRE    TORONTO,SANDRO SERYANI,$62.15,,,,,,SEPHORA EATON CENTRE    TORONTO
19 Feb. 2025,19 Feb. 2025,STARBUCKS COFFEE #47    TORONTO,SANDRO SERYANI,$14.11,,,,,,STARBUCKS COFFEE #47    TORONTO
19 Feb. 2025,19 Feb. 2025,UBER EATS               HTTPS://HELP.UB,SANDRO SERYANI,$85.60,,,,,,UBER EATS               HTTPS://HELP.UB
14 Feb. 2025,14 Feb. 2025,UBER TRIP               HTTPS://HELP.UB,SANDRO SERYANI,$21.91,,,,,,UBER TRIP               HTTPS://HELP.UB
14 Feb. 2025,14 Feb. 2025,Yubari                  MONTREAL,SANDRO SERYANI,$374.98,,,,,,Yubari                  MONTREAL
13 Feb. 2025,13 Feb. 2025,UBER EATS               HTTPS://HELP.UB,SANDRO SERYANI,$28.86,,,,,,UBER EATS               HTTPS://HELP.UB
13 Feb. 2025,13 Feb. 2025,UBER TRIP               HTTPS://HELP.UB,SANDRO SERYANI,$9.93,,,,,,UBER TRIP               HTTPS://HELP.UB
12 Feb. 2025,12 Feb. 2025,AGENCE DE MOBILITE DURA MONTREAL,SANDRO SERYANI,$4.32,,,,,,AGENCE DE MOBILITE DURA MONTREAL
12 Feb. 2025,12 Feb. 2025,AGENCE DE MOBILITE DURA MONTREAL,SANDRO SERYANI,$8.57,,,,,,AGENCE DE MOBILITE DURA MONTREAL
12 Feb. 2025,12 Feb. 2025,AGENCE DE MOBILITE DURA MONTREAL,SANDRO SERYANI,$8.57,,,,,,AGENCE DE MOBILITE DURA MONTREAL
12 Feb. 2025,12 Feb. 2025,AGENCE DE MOBILITE DURA MONTREAL,SANDRO SERYANI,$8.57,,,,,,AGENCE DE MOBILITE DURA MONTREAL
12 Feb. 2025,12 Feb. 2025,AGENCE DE MOBILITE DURA MONTREAL,SANDRO SERYANI,$8.57,,,,,,AGENCE DE MOBILITE DURA MONTREAL
12 Feb. 2025,12 Feb. 2025,AGENCE DE MOBILITE DURA MONTREAL,SANDRO SERYANI,$19.69,,,,,,AGENCE DE MOBILITE DURA MONTREAL
11 Feb. 2025,11 Feb. 2025,AGENCE DE MOBILITE DURA MONTREAL,SANDRO SERYANI,$8.57,,,,,,AGENCE DE MOBILITE DURA MONTREAL
11 Feb. 2025,11 Feb. 2025,AGENCE DE MOBILITE DURA MONTREAL,SANDRO SERYANI,$8.57,,,,,,AGENCE DE MOBILITE DURA MONTREAL
11 Feb. 2025,11 Feb. 2025,AGENCE DE MOBILITE DURA MONTREAL,SANDRO SERYANI,$8.57,,,,,,AGENCE DE MOBILITE DURA MONTREAL
11 Feb. 2025,11 Feb. 2025,AGENCE DE MOBILITE DURA MONTREAL,SANDRO SERYANI,$8.57,,,,,,AGENCE DE MOBILITE DURA MONTREAL
11 Feb. 2025,11 Feb. 2025,AGENCE DE MOBILITE DURA MONTREAL,SANDRO SERYANI,$8.57,,,,,,AGENCE DE MOBILITE DURA MONTREAL
11 Feb. 2025,11 Feb. 2025,AGENCE DE MOBILITE DURA MONTREAL,SANDRO SERYANI,$16.40,,,,,,AGENCE DE MOBILITE DURA MONTREAL
11 Feb. 2025,11 Feb. 2025,STARBUCKS COFFEE #60    MONTREAL,SANDRO SERYANI,$4.23,,,,,,STARBUCKS COFFEE #60    MONTREAL
11 Feb. 2025,11 Feb. 2025,STARBUCKS COFFEE #60    MONTREAL,SANDRO SERYANI,$10.89,,,,,,STARBUCKS COFFEE #60    MONTREAL
10 Feb. 2025,10 Feb. 2025,AGENCE DE MOBILITE DURA MONTREAL,SANDRO SERYANI,$4.32,,,,,,AGENCE DE MOBILITE DURA MONTREAL
10 Feb. 2025,10 Feb. 2025,AGENCE DE MOBILITE DURA MONTREAL,SANDRO SERYANI,$4.32,,,,,,AGENCE DE MOBILITE DURA MONTREAL
10 Feb. 2025,10 Feb. 2025,AGENCE DE MOBILITE DURA MONTREAL,SANDRO SERYANI,$8.57,,,,,,AGENCE DE MOBILITE DURA MONTREAL
10 Feb. 2025,10 Feb. 2025,AGENCE DE MOBILITE DURA MONTREAL,SANDRO SERYANI,$8.57,,,,,,AGENCE DE MOBILITE DURA MONTREAL
10 Feb. 2025,10 Feb. 2025,AGENCE DE MOBILITE DURA MONTREAL,SANDRO SERYANI,$8.57,,,,,,AGENCE DE MOBILITE DURA MONTREAL
10 Feb. 2025,10 Feb. 2025,AGENCE DE MOBILITE DURA MONTREAL,SANDRO SERYANI,$8.57,,,,,,AGENCE DE MOBILITE DURA MONTREAL
10 Feb. 2025,10 Feb. 2025,AGENCE DE MOBILITE DURA MONTREAL,SANDRO SERYANI,$16.46,,,,,,AGENCE DE MOBILITE DURA MONTREAL
10 Feb. 2025,10 Feb. 2025,PHARMAPRIX #0029        MONTREAL,SANDRO SERYANI,$48.70,,,,,,PHARMAPRIX #0029        MONTREAL
10 Feb. 2025,10 Feb. 2025,UBER TRIP               HTTPS://HELP.UB,SANDRO SERYANI,$0.40,,,,,,UBER TRIP               HTTPS://HELP.UB
10 Feb. 2025,10 Feb. 2025,UBER TRIP               HTTPS://HELP.UB,SANDRO SERYANI,$10.71,,,,,,UBER TRIP               HTTPS://HELP.UB
09 Feb. 2025,09 Feb. 2025,MCDONALD'S #21611       GANANOQUE,SANDRO SERYANI,$38.36,,,,,,MCDONALD'S #21611       GANANOQUE
09 Feb. 2025,09 Feb. 2025,UBER EATS               HTTPS://HELP.UB,SANDRO SERYANI,$40.28,,,,,,UBER EATS               HTTPS://HELP.UB
08 Feb. 2025,08 Feb. 2025,,-$300.23,,,,,,PAYMENT RECEIVED - THANK YOU,
07 Feb. 2025,07 Feb. 2025,SHOPPERS DRUG MART #094 TORONTO,SANDRO SERYANI,$13.47,,,,,,SHOPPERS DRUG MART #094 TORONTO
07 Feb. 2025,07 Feb. 2025,UBER TRIP               HTTPS://HELP.UB,SANDRO SERYANI,$33.34,,,,,,UBER TRIP               HTTPS://HELP.UB
06 Feb. 2025,06 Feb. 2025,UBER EATS               HTTPS://HELP.UB,SANDRO SERYANI,$57.23,,,,,,UBER EATS               HTTPS://HELP.UB
05 Feb. 2025,05 Feb. 2025,UBER EATS               HTTPS://HELP.UB,SANDRO SERYANI,$27.85,,,,,,UBER EATS               HTTPS://HELP.UB
02 Feb. 2025,02 Feb. 2025,UBER EATS               HTTPS://HELP.UB,SANDRO SERYANI,$45.96,,,,,,UBER EATS               HTTPS://HELP.UB
27 Jan. 2025,27 Jan. 2025,SHOPPERS DRUG MART #083 ETOBICOKE,SANDRO SERYANI,$19.76,,,,,,SHOPPERS DRUG MART #083 ETOBICOKE
26 Jan. 2025,26 Jan. 2025,MEMBERSHIP FEE INSTALLMENT,SANDRO SERYANI,$12.99,,,,,,MEMBERSHIP FEE INSTALLMENT
25 Jan. 2025,25 Jan. 2025,CINEPLEX REC ROOM 70    MISSISSAUGA,SANDRO SERYANI,$136.44,,,,,,CINEPLEX REC ROOM 70    MISSISSAUGA
24 Jan. 2025,24 Jan. 2025,,-$926.36,,,,,,PAYMENT RECEIVED - THANK YOU,
22 Jan. 2025,22 Jan. 2025,UBER EATS               HTTPS://HELP.UB,SANDRO SERYANI,$9.28,,,,,,UBER EATS               HTTPS://HELP.UB
22 Jan. 2025,22 Jan. 2025,UBER EATS               HTTPS://HELP.UB,SANDRO SERYANI,$206.79,,,,,,UBER EATS               HTTPS://HELP.UB
18 Jan. 2025,18 Jan. 2025,UBER EATS               HTTPS://HELP.UB,SANDRO SERYANI,$28.19,,,,,,UBER EATS               HTTPS://HELP.UB
16 Jan. 2025,16 Jan. 2025,,-$541.10,,,,,,PAYMENT RECEIVED - THANK YOU,
16 Jan. 2025,16 Jan. 2025,UBER EATS               HTTPS://HELP.UB,SANDRO SERYANI,$6.07,,,,,,UBER EATS               HTTPS://HELP.UB
16 Jan. 2025,16 Jan. 2025,UBER EATS               HTTPS://HELP.UB,SANDRO SERYANI,$41.75,,,,,,UBER EATS               HTTPS://HELP.UB
15 Jan. 2025,15 Jan. 2025,UBER TRIP               HTTPS://HELP.UB,SANDRO SERYANI,$20.30,,,,,,UBER TRIP               HTTPS://HELP.UB
14 Jan. 2025,14 Jan. 2025,SHOPPERS DRUG MART 875  SCARBOROUGH,SANDRO SERYANI,$56.81,,,,,,SHOPPERS DRUG MART 875  SCARBOROUGH
14 Jan. 2025,14 Jan. 2025,THE BISHOP AND BELCHER  TORONTO,SANDRO SERYANI,$38.94,,,,,,THE BISHOP AND BELCHER  TORONTO
12 Jan. 2025,12 Jan. 2025,TORA                    NORTH YORK,SANDRO SERYANI,$172.80,,,,,,TORA                    NORTH YORK
12 Jan. 2025,12 Jan. 2025,UBER EATS               HTTPS://HELP.UB,SANDRO SERYANI,$50.06,,,,,,UBER EATS               HTTPS://HELP.UB
11 Jan. 2025,11 Jan. 2025,CINEPLEX #7115     QP   TORONTO,SANDRO SERYANI,$17.50,,,,,,CINEPLEX #7115     QP   TORONTO
10 Jan. 2025,10 Jan. 2025,TKO'S THE SPORTS BAR &  TORONTO,SANDRO SERYANI,$48.13,,,,,,TKO'S THE SPORTS BAR &  TORONTO
05 Jan. 2025,05 Jan. 2025,TST-COPACABANA BRAZILI  TORONTO,SANDRO SERYANI,$229.74,,,,,,TST-COPACABANA BRAZILI  TORONTO
