2025-11-20,PAYMENT THANK YOU/PAIEMEN T MERCI,,1.00,4500********7927
2025-07-24,PURCHASE INTEREST,1.12,,4500********7927
2025-07-03,PAYMENT THANK YOU/PAIEMEN T MERCI,,290.00,4500********7927
2025-06-24,PURCHASE INTEREST,10.20,,4500********7927
2025-06-19,PAYMENT THANK YOU/PAIEMEN T MERCI,,200.00,4500********7927
2025-05-23,PURCHASE INTEREST,0.14,,4500********7927
2025-05-20,"SQ *A PLUS AIR SYSTEMS IN Etobicoke, ON",479.12,,4500********7927
2025-04-28,PAYMENT THANK YOU/PAIEMEN T MERCI,,250.03,4500********7927
2025-04-24,PURCHASE INTEREST,6.44,,4500********7927
2025-03-12,STEAM PURCHASE SEATTLE,244.00,,4500********7927
2025-01-14,PAYMENT THANK YOU/PAIEMEN T MERCI,,334.50,4500********7927
2025-01-13,PAYMENT THANK YOU/PAIEMEN T MERCI,,500.00,4500********7927
2024-12-24,INSTALLMENT PLAN INTEREST,4.27,,4500********7927
2024-12-16,"PLAY IT AGAIN SPORTS N NORTH YORK, ON",338.99,,4500********7927
2024-12-16,PAYMENT THANK YOU/PAIEMEN T MERCI,,350.00,4500********7927
2024-11-22,INSTALLMENT PLAN INTEREST,5.32,,4500********7927
2024-11-04,PAYMENT THANK YOU/PAIEMEN T MERCI,,350.00,4500********7927
2024-10-24,INSTALLMENT PLAN INTEREST,11.71,,4500********7927
2024-10-21,"TESLA Toronto, ON",15.81,,4500********7927
2024-10-15,"TESLA Toronto, ON",12.42,,4500********7927
2024-10-10,"Daves Hot Chicken Toronto, ON",24.76,,4500********7927
2024-10-07,PAYMENT THANK YOU/PAIEMEN T MERCI,,500.00,4500********7927
2024-09-19,"TESLA Toronto, ON",15.81,,4500********7927
2024-09-12,"CANNA CABANA ELLESMERE SCARBOROUGH, ON",46.82,,4500********7927
2024-09-09,"MUSEE RESIDENCES CORP. TORONTO, ON",20.00,,4500********7927
2024-09-06,ONE TIME INSTALLMENT FEE,27.03,,4500********7927
2024-09-04,"SHERATON 514-8782000, QC",1351.85,,4500********7927
2024-09-03,"TESLA Toronto, ON",30.14,,4500********7927
2024-08-30,"TESLA Toronto, ON",21.69,,4500********7927
2024-08-26,"SC PASSPORT SCARBOROUGH SCARBOROUGH, ON",160.00,,4500********7927
2024-08-23,CREDIT ADJUSTMENT,,0.52,4500********7927
2024-08-20,"SHOPPERS DRUG MART #08 ETOBICOKE, ON",28.24,,4500********7927
2024-08-19,"TESLA Toronto, ON",15.81,,4500********7927
2024-08-15,"CANNA CABANA ELLESMERE SCARBOROUGH, ON",39.14,,4500********7927
2024-08-14,"CONSTAT D'INFRACTION MONTREAL, QC",197.00,,4500********7927
2024-08-14,"CONSTAT D'INFRACTION MONTREAL, QC",102.00,,4500********7927
2024-08-14,PAYMENT THANK YOU/PAIEMEN T MERCI,,1200.00,4500********7927
2024-08-12,"N & D STUDIO NAILS SCARBOROUGH, ON",175.43,,4500********7927
2024-08-06,"TESLA SUPERCHARGER US 877-7983752, CA 24.36 USD @ 1.424055",34.69,,4500********7927
2024-08-06,"TESLA SUPERCHARGER US 877-7983752, CA 14.82 USD @ 1.423751",21.10,,4500********7927
2024-08-02,"TESLA Toronto, ON",29.25,,4500********7927
2024-07-30,"TESLA Toronto, ON",24.00,,4500********7927
2024-07-29,PAYMENT THANK YOU/PAIEMEN T MERCI,,400.00,4500********7927
2024-07-24,INSTALLMENT PLAN INTEREST,0.68,,4500********7927
2024-07-24,ANNUAL FEE,139.00,,4500********7927
2024-07-22,ONE TIME INSTALLMENT FEE,9.20,,4500********7927
2024-07-19,"TESLA Toronto, ON",15.81,,4500********7927
2024-07-10,"PLUG CANNA6IS - SHEPPAR SCARBOROUGH, ON",44.06,,4500********7927
2024-07-08,"TESLA Toronto, ON",8.61,,4500********7927
2024-07-03,"DR. MARTIN B CHIN NORTH YORK, ON",460.00,,4500********7927
2024-07-02,PAYMENT THANK YOU/PAIEMEN T MERCI,,200.00,4500********7927
2024-06-28,"THISTLE GOLF RETAIL MARKHAM, ON",103.16,,4500********7927
2024-06-28,"THISTLE GOLF RETAIL MARKHAM, ON",6.78,,4500********7927
2024-06-26,"STAY GOLD VT 416-7887114, ON",16.95,,4500********7927
2024-06-24,"NASASERVICE OTTAWA, ON",55.00,,4500********7927
2024-06-20,ONE TIME INSTALLMENT FEE,2.37,,4500********7927
2024-06-19,"TESLA Toronto, ON",15.81,,4500********7927
2024-06-06,PAYMENT THANK YOU/PAIEMEN T MERCI,,150.00,4500********7927
2024-06-03,"FOOT LOCKER CANADA WILLOWDALE, ON",118.65,,4500********7927
2024-05-27,"TESLA Toronto, ON",90.40,,4500********7927
2024-05-21,"Tesla Motors Canada ULC Toronto, ON",15.81,,4500********7927
2024-05-15,"Tesla Motors Canada ULC Toronto, ON",111.87,,4500********7927
2024-05-13,"MUSEE RESIDENCES CORP. TORONTO, ON",20.00,,4500********7927
2024-04-24,PURCHASE INTEREST,16.52,,4500********7927
2024-04-22,PAYMENT THANK YOU/PAIEMEN T MERCI,,1085.00,4500********7927
2024-04-19,"Tesla Motors Canada ULC Toronto, ON",15.81,,4500********7927
2024-03-28,"CANNA CABANA ELLESMERE SCARBOROUGH, ON",91.80,,4500********7927
2024-03-25,"RALLY SPORTS BAR - PAL TORONTO, ON",70.58,,4500********7927
2024-03-22,AIR CANADA 0144258919744 PARIS 471.70 EUR @ 1.514755,714.51,,4500********7927
2024-03-22,AIR CANADA 0144258919754 PARIS 36.65 EUR @ 1.514597,55.51,,4500********7927
2024-03-19,"Tesla Motors Canada ULC Toronto, ON",15.81,,4500********7927
2024-03-11,LATA BERNA BARCELONA 42.00 EUR @ 1.514285,63.60,,4500********7927
2024-03-06,METRO BARCELONA BARCELONA 21.85 EUR @ 1.511670,33.03,,4500********7927
2024-03-04,"UPARK CORP. - 150 EGLI TORONTO, ON",5.00,,4500********7927
2024-03-01,PAYMENT THANK YOU/PAIEMEN T MERCI,,1104.22,4500********7927
2024-02-23,INSTALLMENT PLAN INTEREST,1.71,,4500********7927
2024-02-23,INSTALLMENT PLAN INTEREST,0.75,,4500********7927
2024-02-23,INSTALLMENT PLAN INTEREST,3.52,,4500********7927
2024-02-23,INSTALLMENT PLAN INTEREST,0.68,,4500********7927
2024-02-20,"Tesla Motors Canada ULC Toronto, ON",15.81,,4500********7927
2024-02-13,"PLUG CANNA6IS - SHEPPAR SCARBOROUGH, ON",29.36,,4500********7927
2024-02-05,"MOODS EATERY & CAFE OAKVILLE, ON",62.38,,4500********7927
2024-02-01,TIJNEYEWEAR KOWLOON,85.50,,4500********7927
2024-01-31,"SHOPPERS DRUG MART 875 SCARBOROUGH, ON",41.92,,4500********7927
2024-01-29,"BK #29156 TORONTO, ON",22.02,,4500********7927
2024-01-29,PAYMENT THANK YOU/PAIEMEN T MERCI,,200.00,4500********7927
2024-01-29,PAYMENT THANK YOU/PAIEMEN T MERCI,,600.00,4500********7927
2024-01-24,INSTALLMENT PLAN INTEREST,2.15,,4500********7927
2024-01-24,CASH INTEREST,0.25,,4500********7927
2024-01-24,INSTALLMENT PLAN INTEREST,1.77,,4500********7927
2024-01-24,PAYMENT THANK YOU/PAIEMEN T MERCI,,250.00,4500********7927
2024-01-22,ONE TIME INSTALLMENT FEE,11.95,,4500********7927
2024-01-19,"Tesla Motors Canada ULC Toronto, ON",15.81,,4500********7927
2024-01-16,"APPLE.COM/CA 800-692-7753, ON",597.77,,4500********7927
2024-01-15,"MOODS EATERY & CAFE OAKVILLE, ON",49.38,,4500********7927
2024-01-15,PAYMENT THANK YOU/PAIEMEN T MERCI,,200.00,4500********7927
2024-01-15,PAYMENT THANK YOU/PAIEMEN T MERCI,,100.00,4500********7927
2024-01-12,ONE TIME INSTALLMENT FEE,4.63,,4500********7927
2024-01-11,"WENDY'S RESTAURANT #6433 SCARBOROUGH, ON",17.66,,4500********7927
2024-01-08,"RALLY CATERING TORONTO, ON",34.67,,4500********7927
2024-01-02,"SOCCER AND SPORTS SCARBOROUGH, ON",54.24,,4500********7927
2024-01-02,"GHADIR MEAT AND RESTAURAN SCARBOROUGH, ON",60.90,,4500********7927
2024-01-02,"SOCCER AND SPORTS SCARBOROUGH, ON",231.60,,4500********7927
2024-01-02,"LCBO/RAO #0195 TORONTO, ON",32.20,,4500********7927
2024-01-02,PAYMENT THANK YOU/PAIEMEN T MERCI,,350.00,4500********7927
2024-01-02,PAYMENT THANK YOU/PAIEMEN T MERCI,,1000.00,4500********7927
2024-01-02,"BURGER KING #31187 MIAMI, FL 36.61 USD @ 1.360284",49.80,,4500********7927
2024-01-02,"TST* LA SANDWICHERIE - SO Miami Beach, FL 22.17 USD @ 1.356788",30.08,,4500********7927
2024-01-02,"RAISING CANES 0675 MIAMI BEACH, FL 29.39 USD @ 1.356924",39.88,,4500********7927
2023-12-29,"CVS/PHARMACY #11222 MIAMI BEACH, FL 10.26 USD @ 1.355750",13.91,,4500********7927
2023-12-27,"ZAAD MISSISSAUGA, ON",13.98,,4500********7927
2023-12-27,"OPAL LOUNGE TORONTO, ON",31.18,,4500********7927
2023-12-27,"PIANO PIANO TORONTO, ON",72.14,,4500********7927
2023-12-27,"STARBUCKS COFFEE #5872 TORONTO, ON",6.84,,4500********7927
2023-12-27,"WENDY'S RESTAURANT #6433 SCARBOROUGH, ON",16.57,,4500********7927
2023-12-22,CASH INTEREST,4.17,,4500********7927
2023-12-22,"FYF STUDIO PICKERING, ON",55.81,,4500********7927
2023-12-21,ONE TIME INSTALLMENT FEE,5.00,,4500********7927
2023-12-21,ONE TIME INSTALLMENT FEE,6.05,,4500********7927
2023-12-21,"MCEWAN TORONTO, ON",73.70,,4500********7927
2023-12-20,PAYMENT THANK YOU/PAIEMEN T MERCI,,800.00,4500********7927
2023-12-19,"Tesla 188-5183752, CA",2904.10,,4500********7927
2023-12-19,PAYMENT THANK YOU/PAIEMEN T MERCI,,1000.00,4500********7927
2023-12-19,"STARBUCKS 04804 TORONTO, ON",12.30,,4500********7927
2023-12-18,"MR LUBE #37 SCARBOROUGH, ON",84.74,,4500********7927
2023-12-18,"GHADIR MEAT AND RESTAURAN SCARBOROUGH, ON",68.50,,4500********7927
2023-12-18,"Tesla Motors Canada ULC Toronto, ON",250.00,,4500********7927
2023-12-18,"LAHMAJOUN FACTORY SCARBOROUGH, ON",34.43,,4500********7927
2023-12-18,"THE CO-OPERATORS 28056 VANCOUVER, BC",302.50,,4500********7927
2023-12-18,PAYMENT THANK YOU/PAIEMEN T MERCI,,1250.00,4500********7927
2023-12-18,"LCBO/RAO #0228 SCARBOROUGH, ON",66.85,,4500********7927
2023-12-15,"PLUG CANNA6IS - SHEPPAR SCARBOROUGH, ON",88.12,,4500********7927
2023-12-11,"RALLY RESTAURANT & BAR TORONTO, ON",67.57,,4500********7927
2023-12-11,"MCDONALD'S #8939 Q04 SCARBOROUGH, ON",12.86,,4500********7927
2023-12-08,"CINEPLEX 7199 QPS TORONTO, ON",37.83,,4500********7927
2023-12-08,"THE HAAM TORONTO, ON",64.75,,4500********7927
2023-12-06,"UBER CANADA/UBEREATS TORONTO, ON",24.39,,4500********7927
2023-12-05,"PETRA RESTAURANT MISSISSAUGA, ON",21.25,,4500********7927
2023-12-05,"MCDONALD'S #8939 Q04 SCARBOROUGH, ON",18.03,,4500********7927
2023-12-04,"TST-East Tea Can - New Mississauga, ON",58.13,,4500********7927
2023-12-04,"STARBUCKS COFFEE #5872 TORONTO, ON",11.30,,4500********7927
2023-12-04,"JILD.CA TORONTO, ON",98.31,,4500********7927
2023-12-04,"RALLY CATERING TORONTO, ON",77.33,,4500********7927
2023-12-04,"ONROUTE #01171 MALLORYTOWN N, ON",14.89,,4500********7927
2023-12-01,"TIM HORTONS #3968 LONG SAULT, ON",12.34,,4500********7927
2023-12-01,"SPEEDWAY GAS DESERONTO, ON",56.00,,4500********7927
2023-12-01,"ANDREW MARACLE ENTERPR DESERONTO, ON",75.00,,4500********7927
2023-12-01,"MARKET MALLORYTOWN, ON",3.38,,4500********7927
2023-12-01,"TIM HORTONS #103979 MALLORYTOWN, ON",14.55,,4500********7927
2023-12-01,"UBER CANADA/UBEREATS TORONTO, ON",55.10,,4500********7927
2023-12-01,"YUMI BURGER MONTREAL, QC",18.84,,4500********7927
2023-12-01,"BILLIARD FATS MONTREAL, QC",8.63,,4500********7927
2023-12-01,"BILLIARD FATS MONTREAL, QC",17.24,,4500********7927
2023-12-01,"STM LOGE BEAUDRY N101 MONTREAL, QC",7.00,,4500********7927
2023-12-01,"STM LOGE BEAUDRY N101 MONTREAL, QC",7.00,,4500********7927
2023-11-30,"ALLO MON COCO MONTREAL, QC",30.70,,4500********7927
2023-11-30,"AGENCE DE MOBILITE DURABL MONTREAL, QC",5.00,,4500********7927
2023-11-29,"SQDC77048 MTL VILLAGE MONTREAL, QC",81.20,,4500********7927
2023-11-29,"IGA 8219 MONTREAL, QC",6.23,,4500********7927
2023-11-29,"THE PUTTING EDGE CENTRE-V MONTREAL, QC",15.51,,4500********7927
2023-11-28,"CAFE ABU EL ZULOF MONTREAL, QC",22.40,,4500********7927
2023-11-28,"STM LOGE GUYCONCORDIA E1 MONTREAL, QC",7.00,,4500********7927
2023-11-28,"ONROUTE #01170 BRIGHTON, ON",12.67,,4500********7927
2023-11-27,CASH ADV/BT/CONV CHQ FEE,5.00,,4500********7927
2023-11-27,"TOM-Le Taj Montreal, QC",60.94,,4500********7927
2023-11-27,"SQDC77021 MTL METRO PEEL MONTREAL, QC",51.00,,4500********7927
2023-11-27,"WENDY'S RESTAURANT #6433 SCARBOROUGH, ON",11.28,,4500********7927
2023-11-27,"ONROUTE TRENTON SOUTH, ON",18.07,,4500********7927
2023-11-27,"RALLY RESTAURANT & BAR TORONTO, ON",70.17,,4500********7927
2023-11-27,"SPEEDWAY GAS DESERONTO, ON",57.00,,4500********7927
2023-11-27,**CASH ADVANCE - AVANCE D E FONDS**,900.00,,4500********7927
2023-11-27,"STARBUCKS COFFEE #4718 TORONTO, ON",19.02,,4500********7927
2023-11-20,PAYMENT THANK YOU/PAIEMEN T MERCI,,900.00,4500********7927
2023-11-20,PAYMENT THANK YOU/PAIEMEN T MERCI,,90.00,4500********7927
2023-11-09,"METRO 475 SCARBOROUGH, ON",93.92,,4500********7927
2023-11-06,PAYMENT THANK YOU/PAIEMEN T MERCI,,400.00,4500********7927
2023-10-31,"ZARA FAIRVIEW #3966 TORONTO, ON",292.62,,4500********7927
2023-10-30,"SHELL C02329 AGINCOURT, ON",62.87,,4500********7927
2023-10-24,"RED LOBSTER 8176 TORONTO, ON",38.97,,4500********7927
2023-10-23,PAYMENT THANK YOU/PAIEMEN T MERCI,,70.00,4500********7927
2023-10-13,"BATON ROUGE THORNHILL THORNHILL, ON",60.68,,4500********7927
2023-10-12,PAYMENT THANK YOU/PAIEMEN T MERCI,,356.00,4500********7927
2023-10-10,"ILL FRESCO RESTAURANT SCARBOROUGH, ON",56.51,,4500********7927
2023-10-05,"STARBUCKS 04300 TORONTO, ON",14.33,,4500********7927
2023-10-03,"SP PEACE COLLECTIVE VAUGHAN, ON",146.25,,4500********7927
2023-10-03,"CANNA CABANA ELLESMERE SCARBOROUGH, ON",71.46,,4500********7927
2023-10-03,"LIMON RESTAURANT TORONTO, ON",58.67,,4500********7927
2023-09-25,"SWISS CHALET 1955 TORONTO, ON",27.55,,4500********7927
2023-09-25,PAYMENT THANK YOU/PAIEMEN T MERCI,,100.00,4500********7927
2023-09-25,"EL CATRIN TORONTO, ON",56.00,,4500********7927
2023-09-22,CREDIT ADJUSTMENT,,0.71,4500********7927
2023-09-21,"UBER CANADA/UBEREATS TORONTO, ON",48.88,,4500********7927
2023-09-21,"POPEYE'S SUPPLEMENTS TORONTO, ON",8.14,,4500********7927
2023-09-20,"SQ *BAO BIRD STACKT Toronto, ON",20.79,,4500********7927
2023-09-20,"CANNA NORTH CANNABIS STOR TORONTO, ON",54.26,,4500********7927
2023-09-20,"TOKYO SMOKE 333 YONGE TORONTO, ON",14.69,,4500********7927
2023-09-20,"EVERYDAY* BISTRO 1858 BURLINGTON, ON",19.49,,4500********7927
2023-09-18,"WITHIN RANGE GOLF THORNHILL, ON",21.00,,4500********7927
2023-09-18,"BATON ROUGE THORNHILL THORNHILL, ON",59.66,,4500********7927
2023-09-18,"FRIENDLY STRANGER TORONTO, ON",39.54,,4500********7927
2023-09-18,"SOULAS TORONTO, ON",55.58,,4500********7927
2023-09-18,"UBER CANADA/UBEREATS TORONTO, ON",50.02,,4500********7927
2023-09-15,"STARBUCKS COFFEE #6096 MONTREAL, QC",13.88,,4500********7927
2023-09-11,PAYMENT THANK YOU/PAIEMEN T MERCI,,3000.00,4500********7927
2023-09-05,"WENDY'S RESTAURANT Q1R #6 SCARBOROUGH, ON",12.52,,4500********7927
2023-09-05,"TST-BFF Toronto Toronto, ON",29.79,,4500********7927
2023-09-05,"ARAMARK @ ROGERS CENTRE TORONTO, ON",18.12,,4500********7927
2023-09-05,"LAVELLE TORONTO, ON",56.00,,4500********7927
2023-09-05,"CINEPLEX REC ROOM ROUN TORONTO, ON",13.00,,4500********7927
2023-09-05,"SQ *CODA Toronto, ON",25.96,,4500********7927
2023-09-05,"LCBO/RAO #0217 TORONTO, ON",32.05,,4500********7927
2023-09-05,"ATOMIC 10 RESTAURANT TORONTO, ON",28.73,,4500********7927
2023-09-05,"SQ *CODA Toronto, ON",12.98,,4500********7927
2023-08-29,352240SC 4435563 95352240 34.99 EUR @ 1.508716,52.79,,4500********7927
2023-08-29,AIR CANADA 0144251241621 PARIS 389.47 EUR @ 1.508614,587.56,,4500********7927
2023-08-28,JD PARIS RUE DE RIVOLI PARIS 146.00 EUR @ 1.508630,220.26,,4500********7927
2023-08-28,CARREFOUR 2146180 PARIS 15.02 EUR @ 1.508655,22.66,,4500********7927
2023-08-28,FLEUR DE PRUNIER PARIS 19.88 EUR @ 1.508551,29.99,,4500********7927
2023-08-28,RATP PARIS 4.20 EUR @ 1.507142,6.33,,4500********7927
2023-08-28,BARcA STORE AEROPORT T1 T EL PRAT DE LL,69.19,,4500********7927
2023-08-28,ATALHO REAL LISBOA 30.00 EUR @ 1.508666,45.26,,4500********7927
2023-08-28,KODACHI SINTRA SINTRA 28.00 EUR @ 1.510357,42.29,,4500********7927
2023-08-24,PARQUES DE SINTRA - SINTRA 48.45 EUR @ 1.515583,73.43,,4500********7927
2023-08-24,WPT*MEO Blueticket MEO Blueticke 35.44 EUR @ 1.515519,53.71,,4500********7927
2023-08-23,TELPARK MADRID 2.40 EUR @ 1.516666,3.64,,4500********7927
2023-08-23,BURGER KING NAZARE 38.96 EUR @ 1.515400,59.04,,4500********7927
2023-08-23,REPSOL E0602 ERVEDAL 2.35 EUR @ 1.514893,3.56,,4500********7927
2023-08-23,FABRICA DA NATA PORTO 27.15 EUR @ 1.515285,41.14,,4500********7927
2023-08-22,TELPARK MADRID 12.00 EUR @ 1.512500,18.15,,4500********7927
2023-08-22,RESTAURANTE O MALEI REGUA 37.00 EUR @ 1.512702,55.97,,4500********7927
2023-08-22,FLOR BONJARDIM PORTO,5.05,,4500********7927
2023-08-21,ONE TIME INSTALLMENT FEE,8.55,,4500********7927
2023-08-21,ONE TIME INSTALLMENT FEE,5.57,,4500********7927
2023-08-18,"AIR FRANCE 0572300329099 KITCHENER, QC",,25.10,4500********7927
2023-08-17,COMPA XARCUTERIA CALABRES BARCELONA 16.00 EUR @ 1.513125,24.21,,4500********7927
2023-08-14,PAYMENT THANK YOU/PAIEMEN T MERCI,,220.00,4500********7927
2023-08-14,LITTLE SHOP CBD PARIS 9.90 EUR @ 1.517171,15.02,,4500********7927
2023-08-14,LE RECRUTEMENT PARIS 7 46.50 EUR @ 1.516774,70.53,,4500********7927
2023-08-14,"AIR CAN* 0144250202148 AIRCANADA.COM, MB",570.00,,4500********7927
2023-08-10,AIRBNB * HMRM5XARHS 866-393-3393 268.49 USD @ 1.384297,371.67,,4500********7927
2023-08-10,PAYMENT THANK YOU/PAIEMEN T MERCI,,1300.00,4500********7927
2023-08-08,PAYMENT THANK YOU/PAIEMEN T MERCI,,20.00,4500********7927
2023-07-24,ANNUAL FEE,139.00,,4500********7927
2023-07-24,ANNUAL FEE REBATE,,139.00,4500********7927
2023-07-10,"AIR CAN* 0142175838176 AIRCANADA.COM, MB",1476.26,,4500********7927
2023-07-07,"AIR FRANCE 0572300329099 KITCHENER, QC",25.10,,4500********7927
