2026-02-04,"SKIPTHEDISHES Winnipeg, MB",49.96,,4500********3376
2026-01-29,"SKIPTHEDISHES Winnipeg, MB",34.48,,4500********3376
2025-12-29,PAYMENT THANK YOU/PAIEMEN T MERCI,,65.00,4500********3376
2025-12-19,"SKIPTHEDISHES Winnipeg, MB",29.40,,4500********3376
2025-12-18,"SKIPTHEDISHES Winnipeg, MB",39.38,,4500********3376
2025-12-10,PAYMENT THANK YOU/PAIEMEN T MERCI,,120.00,4500********3376
2025-11-27,"CURSOR USAGE NOV CURSOR.COM, NY 29.82 USD @ 1.448021",43.18,,4500********3376
2025-11-25,"CURSOR, AI POWERED IDE CURSOR.COM, NY 20.00 USD @ 1.447500",28.95,,4500********3376
2025-11-24,"CURSOR USAGE MID NOV CURSOR.COM, NY 20.18 USD @ 1.448463",29.23,,4500********3376
2025-11-24,"Uber Holdings Canada Inc. Toronto, ON",20.39,,4500********3376
2025-11-21,"UBER CANADA/UBEREATS TORONTO, ON",21.05,,4500********3376
2025-11-17,"LYFT *RIDE SAT 5PM VANCOUVER, BC",12.53,,4500********3376
2025-11-17,PAYMENT THANK YOU/PAIEMEN T MERCI,,780.00,4500********3376
2025-11-14,"UBER CANADA/UBERTRIP TORONTO, ON",29.40,,4500********3376
2025-11-13,"SQ *IMPERFECT COMMERCE CO Toronto, ON",17.46,,4500********3376
2025-11-12,"UBER CANADA/UBERTRIP TORONTO, ON",26.42,,4500********3376
2025-11-12,"SHOPPERS DRUG MART #82 TORONTO, ON",42.22,,4500********3376
2025-11-12,"SEPHORA EATON CENTRE TORONTO, ON",19.89,,4500********3376
2025-11-12,"REXALL PHARMACY #0042 TORONTO, ON",20.92,,4500********3376
2025-11-12,"PEARSON PARKING T3 TORONTO, ON",28.00,,4500********3376
2025-11-10,"ROBO SUSHI TORONTO, ON",118.65,,4500********3376
2025-11-10,"PLUG CANNA6IS - SHEPPAR SCARBOROUGH, ON",40.67,,4500********3376
2025-11-03,"ELLE HAIR STUDIO TORONTO, ON",56.50,,4500********3376
2025-11-03,"ELLE HAIR STUDIO TORONTO, ON",324.88,,4500********3376
2025-11-03,"STARBUCKS 8007827282 800-782-7282, ON",15.00,,4500********3376
2025-11-03,"STARBUCKS 8007827282 800-782-7282, ON",10.00,,4500********3376
2025-11-03,"UBER CANADA/UBEREATS TORONTO, ON",50.01,,4500********3376
2025-11-03,PAYMENT THANK YOU/PAIEMEN T MERCI,,2500.00,4500********3376
2025-10-31,"SECOND CUP TORONTO, ON",8.13,,4500********3376
2025-10-31,"TST-Sud Forno - Temper Toronto, ON",11.07,,4500********3376
2025-10-31,"UBER CANADA/UBEREATS TORONTO, ON",36.07,,4500********3376
2025-10-29,"LYFT *RIDE MON 8PM VANCOUVER, BC",20.70,,4500********3376
2025-10-29,"Porter Airlines 8886198622, ON",988.32,,4500********3376
2025-10-27,"SQ *ICE'NCAKE Toronto, Onta, ON",24.41,,4500********3376
2025-10-27,"ANAS NAIL BOUTIQUE ETOBICOKE, ON",62.15,,4500********3376
2025-10-27,"NORTH PADEL CLUB TORONTO, ON",11.30,,4500********3376
2025-10-27,"%ARABICA (UNION STATION) TORONTO, ON",10.38,,4500********3376
2025-10-27,"JIMMY THE GREEK #010 TORONTO, ON",19.19,,4500********3376
2025-10-27,"CURSOR, AI POWERED IDE CURSOR.COM, NY 20.00 USD @ 1.439000",28.78,,4500********3376
2025-10-27,"REXALL PHARMACY #0042 TORONTO, ON",4.09,,4500********3376
2025-10-24,"STARBUCKS 8007827282 800-782-7282, ON",15.00,,4500********3376
2025-10-24,"SKIPTHEDISHES WINNIPEG (BRO, MB",28.94,,4500********3376
2025-10-20,"NORTH PADEL CLUB TORONTO, ON",11.30,,4500********3376
2025-10-20,"MCDONALD'S #16637 NORTH YORK, ON",16.69,,4500********3376
2025-10-20,"CINEPLEX 7260 QPS ETOBICOKE, ON",43.86,,4500********3376
2025-10-17,"Daves Hot Chicken Toronto, ON",23.60,,4500********3376
2025-10-14,ANNUAL FEE REBATE,,139.00,4500********3376
2025-10-14,ANNUAL FEE,139.00,,4500********3376
2025-10-14,"SHOPPERS DRUG MART 875 SCARBOROUGH, ON",75.75,,4500********3376
2025-10-14,"ONROUTE MALLORYTOWN, ON",15.12,,4500********3376
2025-10-14,"MARY BROWN'S TRENTON, ON",9.02,,4500********3376
2025-10-14,"SNOWDON DELICATESSEN MONTREAL, QC",81.69,,4500********3376
2025-10-14,"UBER CANADA/UBEREATS TORONTO, ON",41.93,,4500********3376
2025-10-10,"STARBUCKS 8007827282 800-782-7282, ON",10.00,,4500********3376
2025-10-09,"THE CO-OPERATORS WEB GUELPH, ON",346.67,,4500********3376
2025-10-07,"ESSO CIRCLE K TORONTO, ON",4.89,,4500********3376
2025-10-06,"SKIPTHEDISHES WINNIPEG (BRO, MB",16.00,,4500********3376
2025-10-06,"STARBUCKS 8007827282 800-782-7282, ON",10.00,,4500********3376
2025-10-06,"PARKWAY CARWASH NORTH YORK, ON",210.00,,4500********3376
2025-10-06,"STARBUCKS 8007827282 800-782-7282, ON",10.00,,4500********3376
2025-10-06,"SQ *U OPTICAL (S) Scarborough, ON",165.00,,4500********3376
2025-10-02,"SKIPTHEDISHES WINNIPEG (BRO, MB",29.50,,4500********3376
2025-10-02,"STARBUCKS 8007827282 800-782-7282, ON",10.00,,4500********3376
2025-09-29,"STARBUCKS 8007827282 800-782-7282, ON",10.00,,4500********3376
2025-09-29,"WENDY'S RESTAURANT #6433 SCARBOROUGH, ON",9.82,,4500********3376
2025-09-24,"AMAZON* NJ38K8AI0 VANCOUVER, BC",21.46,,4500********3376
