09/02/2025,AIRALO,13.50,,5109.12
09/02/2025,AIR CANADA,,901.30,5095.62
09/02/2025,AIR CANADA,,901.30,5996.92
09/02/2025,AIR CANADA,901.30,,6898.22
09/02/2025,TD PAYMENT PLAN FEE,36.05,,5996.92
09/02/2025,AIR CANADA,901.30,,5960.87
09/02/2025,TD PAYMENT PLAN FEE,36.05,,5059.57
09/01/2025,ROYAL TULIP HOTEL,147.48,,5023.52
08/31/2025,AIRALO,13.50,,4876.04
08/31/2025,AIRALO,13.50,,4862.54
08/31/2025,AIRALO,13.50,,4849.04
08/31/2025,TODOIST,7.00,,4835.54
08/27/2025,AIRALO,13.50,,4828.54
08/26/2025,AIRALO,13.50,,4815.04
08/24/2025,AIR FRANCE  0574228682064,124.74,,4801.54
08/24/2025,CY PARIS CDG AIRPORT FOH,25.17,,4676.80
08/23/2025,SNCF VOYAGEURS,23.29,,4651.63
08/23/2025,SNCF VOYAGEURS,49.90,,4628.34
08/22/2025,DOLLARAMA #0985,11.02,,4578.44
08/22/2025,SHOPPERS DRUG MART 830,69.63,,4567.42
08/22/2025,AIR CAN*    0144293751371,901.30,,4497.79
08/22/2025,AIR CAN*    0144293751372,901.30,,3596.49
08/22/2025,BASKIN ROBBINS #357335,10.72,,2695.19
08/21/2025,HTSP-* PICKERING,10.00,,2684.47
08/21/2025,FYF STUDIO,105.81,,2674.47
08/20/2025,DUCASSE SUR SEINE,580.25,,2568.66
08/20/2025,UBER CANADA/UBEREATS,75.74,,1988.41
08/17/2025,MCDONALD'S #16637,20.75,,1912.67
08/17/2025,SKIPTHEDISHES,47.34,,1891.92
08/17/2025,PETRO-CANADA 59114,44.05,,1844.58
08/15/2025,PAYMENT - THANK YOU,,700.00,1800.53
08/15/2025,GUMROAD* LUIS GARSIA C,87.73,,2500.53
08/13/2025,LIFEHEALTHMASSAGE THERAPU,24.45,,2412.80
08/12/2025,APPLE.COM/BILL,1.46,,2388.35
08/12/2025,PARKWAY CARWASH,42.00,,2386.89
08/12/2025,UBER CANADA/UBEREATS,37.06,,2344.89
08/09/2025,APPLE.COM/BILL,19.20,,2307.83
08/09/2025,HOLLAND DAZE SHEPPARD,37.23,,2288.63
08/09/2025,SHELL C02501,16.24,,2251.40
08/09/2025,WENDY'S RESTAURANT #6433,8.34,,2235.16
08/07/2025,cxL for AeroplanMember,327.45,,2226.82
08/06/2025,AMAZON.COM * PK1200YE3,67.03,,1899.37
