12/15/2025,ANNUAL FEE,139.00,,1215.58
12/15/2025,ANNUAL FEE REBATE,,139.00,1076.58
12/14/2025,SKIPTHEDISHES,43.74,,1215.58
12/14/2025,HOLLAND DAZE SHEPPARD,55.77,,1171.84
12/14/2025,GHADIR MEAT AND RESTAURAN,80.70,,1116.07
12/10/2025,PRESTO FARE/QMB6M9PGM7,6.48,,1035.37
12/10/2025,Dineen Coffee Co.,11.49,,1028.89
12/10/2025,FREEBIRD MARKET,7.91,,1017.40
12/10/2025,CHINA WOK,35.89,,1009.49
12/08/2025,THE CO-OPERATORS WEB,362.75,,973.60
12/08/2025,UBER CANADA/UBEREATS,87.49,,610.85
12/06/2025,MOXIES FAIRVIEW,200.00,,523.36
12/06/2025,MOXIES FAIRVIEW,31.53,,323.36
12/05/2025,HOLLAND DAZE SHEPPARD,55.77,,291.83
12/05/2025,SKIPTHEDISHES,36.98,,236.06
12/04/2025,PLAYTOMIC.IO 9EE56ED3,113.00,,199.08
12/02/2025,CHICK-FIL-A  SHOPS AT DON,13.09,,86.08
12/01/2025,WENDY'S RESTAURANT #6433,17.22,,72.99
11/30/2025,HOLLAND DAZE SHEPPARD,55.77,,55.77
