,Transaction Details: ,Marriott Bonvoy American Express Card,,,,,,,,
,SANDRO SERYANI,17 Oct. 2025 - 16 Nov. 2025,,,,,,,,
,Account Number: XXX-01006,,,,,,,,,
,,,,,,,,,,
,,,,,,,,,,
,,,,,,,,,,
Summary,,,,Total,,,,,,
Last billed statement,,,,$495.90,,,,,,
Charges & Adjustments,,,,$733.62,,,,,,
Payments & Credits,,,,$495.90,,,,,,
Summary for this billed period:,,,,$733.62,,,,,,
,,,,,,,,,,
Total of transactions by Card,+ Debits,- Credits,,Total,,,,,,
MAYA FOUNEV-01014,$613.62,$0.00,,$613.62,,,,,,
SANDRO SERYANI-01006,$120.00,$495.90,,-$375.90,,,,,,
,,,,,,,,,,
Date,Date Processed,Description,Cardmember,Amount,Foreign Spend Amount,Commission,Exchange Rate,Merchant,Merchant Address,Additional Information
16 Nov. 2025,16 Nov. 2025,MEMBERSHIP FEE,SANDRO SERYANI,$120.00,,,,,,MEMBERSHIP FEE
14 Nov. 2025,14 Nov. 2025,AMAZON.CA*B86OY3Z22     866-216-1072,MAYA FOUNEV,$147.92,,,,,,AMAZON.CA*B86OY3Z22     866-216-1072
14 Nov. 2025,14 Nov. 2025,PLAYTOMIC.IO 3C90D56C   PINECREST,MAYA FOUNEV,$113.00,,,,,,PLAYTOMIC.IO 3C90D56C   PINECREST
13 Nov. 2025,13 Nov. 2025,CHEXY*COOPERATORS       GUELPH,MAYA FOUNEV,$352.70,,,,,,CHEXY*COOPERATORS       GUELPH
31 Oct. 2025,31 Oct. 2025,,-$495.90,,,,,,PAYMENT RECEIVED - THANK YOU,
