01/14/2026,APPLE.COM/CA,1184.24,,1995.25
01/12/2026,FIREHALL PIZZA CO.,95.62,,811.01
01/11/2026,SHELL C02696,9.03,,715.39
01/11/2026,BEAVERTAILS BLUE MOUNTAIN,9.24,,706.36
01/10/2026,UBER CANADA/UBEREATS,88.28,,697.12
01/10/2026,EGGSTATIC - CONSUMERS,101.00,,608.84
01/10/2026,HOLLAND DAZE SHEPPARD,57.91,,507.84
01/10/2026,SHOPPERS DRUG MART 875,52.10,,449.93
01/09/2026,AIR CAN*    0142317393008,269.78,,397.83
01/09/2026,AIR CAN*    0142317393009,169.78,,128.05
01/09/2026,PAYMENT - THANK YOU,,12.00,-41.73
01/09/2026,PAYMENT - THANK YOU,,2200.00,-29.73
01/07/2026,STARBUCKS 8007827282,10.00,,2170.27
01/04/2026,SP TONINO LAMBORGHINI,67.50,,2160.27
01/02/2026,NORTH PADEL CLUB,14.69,,2092.77
01/02/2026,HOLLAND DAZE SHEPPARD,57.91,,2078.08
01/01/2026,SHOPPERS DRUG MART 875,31.98,,2020.17
12/31/2025,SHELL C01016,46.18,,1988.19
12/31/2025,UBER CANADA/UBEREATS,76.03,,1942.01
12/30/2025,SNOWGGLE GIFT,57.09,,1865.98
12/30/2025,SQ *ZAATAR W ZEIT,99.39,,1808.89
12/29/2025,GLACIER CREEK RESTAURANT,69.50,,1709.50
12/29/2025,SQ *BEAVERTAILS WHISTLER,18.06,,1640.00
12/28/2025,FSM 075,4.20,,1621.94
12/25/2025,"WB RENTALS, DELTA VILLAGE",13.42,,1617.74
12/24/2025,MOUNTAIN WAREHOUSE,22.58,,1604.32
12/24/2025,MOUNTAIN WAREHOUSE,33.87,,1581.74
12/24/2025,CHEXY INC. CBPS MOR,555.55,,1547.87
12/24/2025,SHOPPERS DRUG MART 830,19.19,,992.32
12/24/2025,HOLLAND DAZE SHEPPARD,34.30,,973.13
12/24/2025,#251 SPORT CHEK,90.39,,938.83
12/24/2025,PAYMENT - THANK YOU,,1215.58,848.44
12/24/2025,TST-Bar Poet,161.37,,2064.02
12/22/2025,MCDONALD'S #16637,21.89,,1902.65
12/22/2025,NORTH PADEL CLUB,11.30,,1880.76
12/21/2025,PLAYTOMIC.IO 4910714C,113.00,,1869.46
12/21/2025,JADRANKA PASTRIES,3.41,,1756.46
12/21/2025,NORTH PADEL CLUB,11.30,,1753.05
12/21/2025,NORTH PADEL CLUB,3.39,,1741.75
12/21/2025,ABOVE THE CLOUDS CANNAB,42.93,,1738.36
12/21/2025,GHADIR MEAT AND RESTAURAN,154.44,,1695.43
12/20/2025,PB YORKDALE3559,94.86,,1540.99
12/18/2025,PLAYTOMIC.IO EAA61ABE,113.00,,1446.13
12/15/2025,UBER CANADA/UBEREATS,26.64,,1333.13
12/15/2025,METRO  748,90.91,,1306.49
