ID,name
a1b2c3d4-000c-4000-8000-000000000001,Groceries
a1b2c3d4-000c-4000-8000-000000000002,Dining
a1b2c3d4-000c-4000-8000-000000000003,Gas
a1b2c3d4-000c-4000-8000-000000000004,Transit
a1b2c3d4-000c-4000-8000-000000000005,Travel
a1b2c3d4-000c-4000-8000-000000000006,Streaming
a1b2c3d4-000c-4000-8000-000000000007,Recurring Bills
a1b2c3d4-000c-4000-8000-000000000008,Drugstores
a1b2c3d4-000c-4000-8000-000000000009,Entertainment
a1b2c3d4-000c-4000-8000-00000000000a,Air Canada
a1b2c3d4-000c-4000-8000-00000000000b,Marriott Hotels
a1b2c3d4-000c-4000-8000-00000000000c,EV Charging
a1b2c3d4-000c-4000-8000-00000000000d,Foreign Currency
a1b2c3d4-000c-4000-8000-00000000000e,Everything Else
