ID,name,isAsset
a1b2c3d4-000b-4000-8000-000000000001,RRSP,true
a1b2c3d4-000b-4000-8000-000000000002,TFSA,true
a1b2c3d4-000b-4000-8000-000000000003,FHSA,true
a1b2c3d4-000b-4000-8000-000000000004,RIF,true
a1b2c3d4-000b-4000-8000-000000000005,Crypto,true
a1b2c3d4-000b-4000-8000-000000000006,Vehicle,true
a1b2c3d4-000b-4000-8000-000000000007,Non-Registered,true
a1b2c3d4-000b-4000-8000-000000000008,Savings Account,true
a1b2c3d4-000b-4000-8000-000000000009,Car Loan,false
a1b2c3d4-000b-4000-8000-00000000000a,Student Loan,false
a1b2c3d4-000b-4000-8000-00000000000b,Mortgage,false
a1b2c3d4-000b-4000-8000-00000000000c,Line of Credit,false
