ID,name,excludesFromBudget
a1b2c3d4-000d-4000-8000-000000000001,Groceries,false
a1b2c3d4-000d-4000-8000-000000000002,Dining,false
a1b2c3d4-000d-4000-8000-000000000003,Transportation,false
a1b2c3d4-000d-4000-8000-000000000004,Shopping,false
a1b2c3d4-000d-4000-8000-000000000005,Subscriptions,false
a1b2c3d4-000d-4000-8000-000000000006,Bills & Utilities,false
a1b2c3d4-000d-4000-8000-000000000007,Travel,false
a1b2c3d4-000d-4000-8000-000000000008,Health,false
a1b2c3d4-000d-4000-8000-000000000009,Entertainment,false
a1b2c3d4-000d-4000-8000-00000000000a,Personal,false
a1b2c3d4-000d-4000-8000-00000000000b,Credit Card Fees,false
a1b2c3d4-000d-4000-8000-00000000000c,Reimbursable,true
a1b2c3d4-000d-4000-8000-00000000000d,Other,false
