ID,name,category_ID
a1b2c3d4-000d-4000-8000-100000000001,Restaurants,a1b2c3d4-000d-4000-8000-000000000002
a1b2c3d4-000d-4000-8000-100000000002,Fast Food,a1b2c3d4-000d-4000-8000-000000000002
a1b2c3d4-000d-4000-8000-100000000003,Coffee,a1b2c3d4-000d-4000-8000-000000000002
a1b2c3d4-000d-4000-8000-100000000004,Delivery,a1b2c3d4-000d-4000-8000-000000000002
a1b2c3d4-000d-4000-8000-100000000005,Gas,a1b2c3d4-000d-4000-8000-000000000003
a1b2c3d4-000d-4000-8000-100000000006,Parking,a1b2c3d4-000d-4000-8000-000000000003
a1b2c3d4-000d-4000-8000-100000000007,Transit,a1b2c3d4-000d-4000-8000-000000000003
a1b2c3d4-000d-4000-8000-100000000008,Ride Share,a1b2c3d4-000d-4000-8000-000000000003
a1b2c3d4-000d-4000-8000-100000000009,Clothing,a1b2c3d4-000d-4000-8000-000000000004
a1b2c3d4-000d-4000-8000-10000000000a,Electronics,a1b2c3d4-000d-4000-8000-000000000004
a1b2c3d4-000d-4000-8000-10000000000b,Home,a1b2c3d4-000d-4000-8000-000000000004
a1b2c3d4-000d-4000-8000-10000000000c,Amazon,a1b2c3d4-000d-4000-8000-000000000004
a1b2c3d4-000d-4000-8000-10000000000d,Streaming,a1b2c3d4-000d-4000-8000-000000000005
a1b2c3d4-000d-4000-8000-10000000000e,Software,a1b2c3d4-000d-4000-8000-000000000005
a1b2c3d4-000d-4000-8000-10000000000f,Memberships,a1b2c3d4-000d-4000-8000-000000000005
a1b2c3d4-000d-4000-8000-100000000010,Phone,a1b2c3d4-000d-4000-8000-000000000006
a1b2c3d4-000d-4000-8000-100000000011,Internet,a1b2c3d4-000d-4000-8000-000000000006
a1b2c3d4-000d-4000-8000-100000000012,Hydro,a1b2c3d4-000d-4000-8000-000000000006
a1b2c3d4-000d-4000-8000-100000000013,Insurance,a1b2c3d4-000d-4000-8000-000000000006
a1b2c3d4-000d-4000-8000-100000000014,Hotels,a1b2c3d4-000d-4000-8000-000000000007
a1b2c3d4-000d-4000-8000-100000000015,Flights,a1b2c3d4-000d-4000-8000-000000000007
a1b2c3d4-000d-4000-8000-100000000016,Car Rental,a1b2c3d4-000d-4000-8000-000000000007
a1b2c3d4-000d-4000-8000-100000000017,Pharmacy,a1b2c3d4-000d-4000-8000-000000000008
a1b2c3d4-000d-4000-8000-100000000018,Dental,a1b2c3d4-000d-4000-8000-000000000008
a1b2c3d4-000d-4000-8000-100000000019,Vision,a1b2c3d4-000d-4000-8000-000000000008
a1b2c3d4-000d-4000-8000-10000000001a,Events,a1b2c3d4-000d-4000-8000-000000000009
a1b2c3d4-000d-4000-8000-10000000001b,Sports,a1b2c3d4-000d-4000-8000-000000000009
a1b2c3d4-000d-4000-8000-10000000001c,Gaming,a1b2c3d4-000d-4000-8000-000000000009
a1b2c3d4-000d-4000-8000-10000000001d,Gifts,a1b2c3d4-000d-4000-8000-00000000000a
a1b2c3d4-000d-4000-8000-10000000001e,Personal Care,a1b2c3d4-000d-4000-8000-00000000000a
a1b2c3d4-000d-4000-8000-10000000001f,Education,a1b2c3d4-000d-4000-8000-00000000000a
a1b2c3d4-000d-4000-8000-100000000020,Annual Fee,a1b2c3d4-000d-4000-8000-00000000000b
a1b2c3d4-000d-4000-8000-100000000021,FX Fee,a1b2c3d4-000d-4000-8000-00000000000b
a1b2c3d4-000d-4000-8000-100000000022,Interest,a1b2c3d4-000d-4000-8000-00000000000b
