ID,name,sortOrder,isAsset
a1b2c3d4-000b-4000-8000-000000000001,RRSP,1,true
a1b2c3d4-000b-4000-8000-000000000002,TFSA,2,true
a1b2c3d4-000b-4000-8000-000000000003,FHSA,3,true
a1b2c3d4-000b-4000-8000-000000000004,RIF,4,true
a1b2c3d4-000b-4000-8000-000000000005,Crypto,5,true
a1b2c3d4-000b-4000-8000-000000000006,Vehicle,6,true
a1b2c3d4-000b-4000-8000-000000000007,Non-Registered,7,true
a1b2c3d4-000b-4000-8000-000000000008,Savings Account,8,true
a1b2c3d4-000b-4000-8000-000000000009,Car Loan,9,false
a1b2c3d4-000b-4000-8000-00000000000a,Student Loan,10,false
a1b2c3d4-000b-4000-8000-00000000000b,Mortgage,11,false
a1b2c3d4-000b-4000-8000-00000000000c,Line of Credit,12,false
