ID,name,currencyType_code,cppValuation
a1b2c3d4-0002-4000-8000-000000000001,Aeroplan,points,2.0
a1b2c3d4-0002-4000-8000-000000000002,Amex Membership Rewards,mrPoints,2.0
a1b2c3d4-0002-4000-8000-000000000003,Marriott Bonvoy,points,0.6
a1b2c3d4-0002-4000-8000-000000000004,Scene+,points,1.0
a1b2c3d4-0002-4000-8000-000000000005,TD First Class,points,0.5
a1b2c3d4-0002-4000-8000-000000000006,CIBC Aventura,points,1.0
a1b2c3d4-0002-4000-8000-000000000007,BMO Rewards,points,0.7
a1b2c3d4-0002-4000-8000-000000000008,RBC Avion,points,2.0
a1b2c3d4-0002-4000-8000-000000000009,HSBC Rewards,points,1.0
a1b2c3d4-0002-4000-8000-00000000000a,WestJet Dollars,dollars,1.0
a1b2c3d4-0002-4000-8000-00000000000b,Air Miles,miles,0.1
a1b2c3d4-0002-4000-8000-00000000000c,PC Optimum,points,0.1
a1b2c3d4-0002-4000-8000-00000000000d,Triangle Rewards,ctMoney,0.1
a1b2c3d4-0002-4000-8000-00000000000e,Cash Back,dollars,1.0
