ID,name,sortOrder
a1b2c3d4-000c-4000-8000-000000000001,Groceries,1
a1b2c3d4-000c-4000-8000-000000000002,Dining,2
a1b2c3d4-000c-4000-8000-000000000003,Gas,3
a1b2c3d4-000c-4000-8000-000000000004,Transit,4
a1b2c3d4-000c-4000-8000-000000000005,Travel,5
a1b2c3d4-000c-4000-8000-000000000006,Streaming,6
a1b2c3d4-000c-4000-8000-000000000007,Recurring Bills,7
a1b2c3d4-000c-4000-8000-000000000008,Drugstores,8
a1b2c3d4-000c-4000-8000-000000000009,Entertainment,9
a1b2c3d4-000c-4000-8000-00000000000a,Air Canada,10
a1b2c3d4-000c-4000-8000-00000000000b,Marriott Hotels,11
a1b2c3d4-000c-4000-8000-00000000000c,EV Charging,12
a1b2c3d4-000c-4000-8000-00000000000d,Foreign Currency,13
a1b2c3d4-000c-4000-8000-00000000000e,Everything Else,14
