ID,name,shortName
a1b2c3d4-0001-4000-8000-000000000001,TD Canada Trust,TD
a1b2c3d4-0001-4000-8000-000000000002,American Express Canada,Amex
a1b2c3d4-0001-4000-8000-000000000003,CIBC,CIBC
a1b2c3d4-0001-4000-8000-000000000004,Scotiabank,Scotia
a1b2c3d4-0001-4000-8000-000000000005,BMO,BMO
a1b2c3d4-0001-4000-8000-000000000006,RBC,RBC
a1b2c3d4-0001-4000-8000-000000000007,MBNA,MBNA
a1b2c3d4-0001-4000-8000-000000000008,Neo Financial,Neo
a1b2c3d4-0001-4000-8000-000000000009,Tangerine,Tangerine
a1b2c3d4-0001-4000-8000-00000000000a,Canadian Tire Bank,CT Bank
a1b2c3d4-0001-4000-8000-00000000000b,PC Financial,PC
a1b2c3d4-0001-4000-8000-00000000000c,Rogers Bank,Rogers
